,comments_level_1_mid,main_body_uid,发布时间,处理内容,评论地点,mid,点赞数量,原生内容,uid,用户昵称,用户主页,用户描述,用户地理位置,用户性别,用户粉丝数量,用户关注数量,用户全部微博,用户累计评论,用户累计转发,用户累计获赞,用户转评赞,用户认证信息
0,4876966123537605,2567340663,23年03月08日 11:08,"虽然但是，你说话好犀利，好羡慕，要是今天吵架有这本事也不至于气半死<img alt=""[笑cry]"" title=""[笑cry]"" src=""https://face.t.sinajs.cn/t4/appstyle/expression/ext/normal/4a/2018new_xiaoku_thumb.png"" />",来自福建,4876975040105001,31,虽然但是，你说话好犀利，好羡慕，要是今天吵架有这本事也不至于气半死[笑cry],2695082341,拜拜肉拜拜,https://weibo.com/u/2695082341,请勿视奸,福建,f,820,98,555,666,0,649,"1,315",nan
1,4876966123537605,2567340663,23年03月08日 15:23,做人留一线,来自河北,4877039083192845,2,做人留一线,1672726725,8NigDevil,https://weibo.com/u/1672726725,满满正能量,其他,m,1426,561,56,142,2,291,435,nan
2,4876966123537605,2567340663,23年03月08日 12:13,复核好像一般学校它也不公布具体情况 ，只是给你在加一次分，其他的一概不管,来自福建,4876991428035328,2,复核好像一般学校它也不公布具体情况 ，只是给你在加一次分，其他的一概不管,6590829532,那一次的别离还会再见吗,https://weibo.com/u/6590829532,,山西,m,0,216,24,4,0,22,26,nan
3,4876966123537605,2567340663,23年03月09日 13:29,"<a href=/n/果菜街的香菜文C丶 usercard=""name=@果菜街的香菜文C丶"">@果菜街的香菜文C丶</a> <img alt=""[doge]"" title=""[doge]"" src=""https://face.t.sinajs.cn/t4/appstyle/expression/ext/normal/a1/2018new_doge02_org.png"" />",来自福建,4877372832088712,0,@果菜街的香菜文C丶 [doge],5577249133,闽南第一深情,https://weibo.com/u/5577249133,最喜欢的电影《大话西游》,福建,f,253,621,835,247,11,252,510,nan
4,4876966123537605,2567340663,23年03月08日 15:57,我是来给你点赞的,来自河南,4877047723461966,0,我是来给你点赞的,7817373430,你看起来很可Kou,https://weibo.com/u/7817373430,,河南,m,6,32,2,0,0,2,2,nan
5,4876966123537605,2567340663,23年03月09日 14:17,"回复<a href=/n/闽南第一深情 usercard=""name=@闽南第一深情"">@闽南第一深情</a>:挂个号吧",来自福建,4877384953626973,0,回复@闽南第一深情:挂个号吧,1732104915,果菜街的香菜文C丶,https://weibo.com/u/1732104915,出入平安/身体健康/15/男/1997/长汀人/郭采洁/NICKTHEREAL/Derrick Rose/zhōng mín xī ...,福建,m,2048,3251,19391,"30,751","2,709","27,630","61,090",nan
6,4876966123537605,2567340663,23年03月08日 22:27,很难不赞同，如果复核没问题，一个代数三十几分这种智商也不要考研了,来自浙江,4877145888003771,1,很难不赞同，如果复核没问题，一个代数三十几分这种智商也不要考研了,7279976818,架构师成长之路,https://weibo.com/u/7279976818,,浙江 杭州,m,3,77,13,0,0,0,0,nan
7,4876966123537605,2567340663,23年03月08日 17:23,"回复<a href=/n/8NigDevil usercard=""name=@8NigDevil"">@8NigDevil</a>:日后不相见",来自广东,4877069346148286,0,回复@8NigDevil:日后不相见,2452707125,洪柳丹_MHS,https://weibo.com/u/2452707125,,其他,f,134,68,77,4,0,4,8,nan
8,4877131009493665,2567340663,23年03月10日 12:31,"政治花一个月都能考这个分数的<img alt=""[允悲]"" title=""[允悲]"" src=""https://face.t.sinajs.cn/t4/appstyle/expression/ext/normal/83/2018new_kuxiao_org.png"" />",来自福建,4877720535959663,0,政治花一个月都能考这个分数的[允悲],3866641118,逢考必过的大理想家耶耶耶,https://weibo.com/u/3866641118,世事烟火缭绕，流云长挂人间。,福建 福州,m,143,58,46,8,0,9,17,nan
9,4877694347251128,2567340663,23年03月10日 11:08,"感觉是他自己没读 总不能科科涂错吧<img alt=""[抱抱]"" title=""[抱抱]"" src=""https://face.t.sinajs.cn/t4/appstyle/expression/ext/normal/42/2018new_baobao_org.png"" />",来自福建,4877699720680241,0,感觉是他自己没读 总不能科科涂错吧[抱抱],7727178833,开心小学生v,https://weibo.com/u/7727178833,珍惜淡定的心境,海外,m,69,681,2491,"2,978",43,"2,912","5,933",nan
10,4877694347251128,2567340663,23年03月10日 11:30,"回复<a href=/n/开心小学生v usercard=""name=@开心小学生v"">@开心小学生v</a>:然后他说有黑幕<img alt=""[傻眼]"" title=""[傻眼]"" src=""https://face.t.sinajs.cn/t4/appstyle/expression/ext/normal/dd/2018new_shayan_org.png"" /><img alt=""[傻眼]"" title=""[傻眼]"" src=""https://face.t.sinajs.cn/t4/appstyle/expression/ext/normal/dd/2018new_shayan_org.png"" />",来自福建,4877705323217909,0,回复@开心小学生v:然后他说有黑幕[傻眼][傻眼],5970313658,能帮我吃完吗,https://weibo.com/u/5970313658,我生来就是高山而非溪流//镇魂,福建 龙岩,f,127,197,566,"1,130",7,"1,821","2,958",nan
11,4877146503515803,2567340663,23年03月08日 23:28,6,来自河南,4877161175718315,0,6,6384300955,aboug_y,https://weibo.com/u/6384300955,fortnight,重庆,f,40,84,120,237,4,326,567,nan
12,5081728399967442,7672547858,24年09月23日 11:25,买到了呀,来自湖南,5081728504825347,0,买到了呀,7672547858,我是一个神经病呀神呀么神经病,https://weibo.com/u/7672547858,谨言慎行,上海,m,18,218,660,211,6,462,679,nan
13,5081728399967442,7672547858,24年10月11日 17:50,"回复<a href=/n/x小狗日记本 usercard=""name=@x小狗日记本"">@x小狗日记本</a>:可以可以。。。等我整理一下今晚给你",来自湖南,5088348211515070,0,回复@x小狗日记本:可以可以。。。等我整理一下今晚给你,7672547858,我是一个神经病呀神呀么神经病,https://weibo.com/u/7672547858,谨言慎行,上海,m,18,218,660,211,6,462,679,nan
14,5081728399967442,7672547858,24年10月11日 17:45,"回复<a href=/n/我是一个神经病呀神呀么神经病 usercard=""name=@我是一个神经病呀神呀么神经病"">@我是一个神经病呀神呀么神经病</a>:可以给你买真题吗<img alt=""[泪]"" title=""[泪]"" src=""https://face.t.sinajs.cn/t4/appstyle/expression/ext/normal/6e/2018new_leimu_org.png"" />",来自福建,5088346994381770,0,回复@我是一个神经病呀神呀么神经病:可以给你买真题吗[泪],6006259996,x小狗日记本,https://weibo.com/u/6006259996,记录日常生活,福建,m,68,85,24,58,0,183,241,nan
15,5064730878677463,5885437471,24年08月07日 13:44,"好<img alt=""[太开心]"" title=""[太开心]"" src=""https://face.t.sinajs.cn/t4/appstyle/expression/ext/normal/1e/2018new_taikaixin_org.png"" />",来自福建,5064731206092068,1,好[太开心],5885437471,木木ticket2006,https://weibo.com/u/5885437471,,福建 宁德,m,19,143,1,16,0,6,22,nan
16,5064733027996564,5885437471,24年08月07日 13:57,"你好<img alt=""[太开心]"" title=""[太开心]"" src=""https://face.t.sinajs.cn/t4/appstyle/expression/ext/normal/1e/2018new_taikaixin_org.png"" /><img alt=""[太开心]"" title=""[太开心]"" src=""https://face.t.sinajs.cn/t4/appstyle/expression/ext/normal/1e/2018new_taikaixin_org.png"" />",来自福建,5064734319579954,0,你好[太开心][太开心],5885437471,木木ticket2006,https://weibo.com/u/5885437471,,福建 宁德,m,19,143,1,16,0,6,22,nan
17,5064728499978781,5885437471,24年08月07日 13:34,"私信<img alt=""[太开心]"" title=""[太开心]"" src=""https://face.t.sinajs.cn/t4/appstyle/expression/ext/normal/1e/2018new_taikaixin_org.png"" /><img alt=""[太开心]"" title=""[太开心]"" src=""https://face.t.sinajs.cn/t4/appstyle/expression/ext/normal/1e/2018new_taikaixin_org.png"" />",来自福建,5064728605102887,0,私信[太开心][太开心],5885437471,木木ticket2006,https://weibo.com/u/5885437471,,福建 宁德,m,19,143,1,16,0,6,22,nan
18,5064726300067364,5885437471,24年08月07日 13:25,好我去看看！！！,来自福建,5064726494578174,0,好我去看看！！！,5885437471,木木ticket2006,https://weibo.com/u/5885437471,,福建 宁德,m,19,143,1,16,0,6,22,nan
19,4927735682828134,6604070528,23年07月26日 12:53,今年年底考嘛,来自山东,4927735749412283,0,今年年底考嘛,6778362065,柿不柿有猫饼哦,https://weibo.com/u/6778362065,,其他,f,932,107,0,0,0,0,0,nan
20,4927735682828134,6604070528,23年10月28日 19:43,蹲蹲蹲,来自重庆,4961903300054469,0,蹲蹲蹲,7629766098,桓宝5776,https://weibo.com/u/7629766098,,其他,m,1,8,0,0,0,0,0,nan
21,4927735682828134,6604070528,23年07月26日 12:55,"回复<a href=/n/JIANGCHEN0721 usercard=""name=@JIANGCHEN0721"">@JIANGCHEN0721</a>:可以滴滴我",来自山东,4927736177759010,0,回复@JIANGCHEN0721:可以滴滴我,6778362065,柿不柿有猫饼哦,https://weibo.com/u/6778362065,,其他,f,932,107,0,0,0,0,0,nan
22,4927735682828134,6604070528,23年07月26日 12:53,"回复<a href=/n/小熊hhh_ usercard=""name=@小熊hhh_"">@小熊hhh_</a>:对的<img alt=""[泪]"" title=""[泪]"" src=""https://face.t.sinajs.cn/t4/appstyle/expression/ext/normal/6e/2018new_leimu_org.png"" />",来自中国,4927735825176830,0,回复@小熊hhh_:对的[泪],6604070528,JIANGCHEN0721,https://weibo.com/u/6604070528,,其他,f,6,180,259,60,1,29,90,nan
23,4927736873225711,6604070528,23年07月26日 12:58,是的,来自中国,4927736983065977,0,是的,6604070528,JIANGCHEN0721,https://weibo.com/u/6604070528,,其他,f,6,180,259,60,1,29,90,nan
24,4927736492067713,6604070528,23年09月08日 20:18,"您好还有吗<img alt=""[泪]"" title=""[泪]"" src=""https://face.t.sinajs.cn/t4/appstyle/expression/ext/normal/6e/2018new_leimu_org.png"" />",来自浙江,4943792798697617,0,您好还有吗[泪],7672278017,死后通往地狱,https://weibo.com/u/7672278017,趁时间没发觉,广东,m,4,21,26,3,0,0,3,nan
25,4927736492067713,6604070528,23年09月12日 12:11,"<img alt=""[苦涩]"" title=""[苦涩]"" src=""https://face.t.sinajs.cn/t4/appstyle/expression/ext/normal/7e/2021_bitter_org.png"" />请问还有846资料和真题吗<img alt=""[苦涩]"" title=""[苦涩]"" src=""https://face.t.sinajs.cn/t4/appstyle/expression/ext/normal/7e/2021_bitter_org.png"" /><img alt=""[苦涩]"" title=""[苦涩]"" src=""https://face.t.sinajs.cn/t4/appstyle/expression/ext/normal/7e/2021_bitter_org.png"" />",来自江苏,4945119683284726,0,[苦涩]请问还有846资料和真题吗[苦涩][苦涩],6045691727,学习拿铁,https://weibo.com/u/6045691727,,其他,f,3,34,59,22,0,13,35,nan
26,4927736492067713,6604070528,23年10月28日 19:43,"还有吗<img alt=""[泪]"" title=""[泪]"" src=""https://face.t.sinajs.cn/t4/appstyle/expression/ext/normal/6e/2018new_leimu_org.png"" />",来自重庆,4961903249983699,0,还有吗[泪],7629766098,桓宝5776,https://weibo.com/u/7629766098,,其他,m,1,8,0,0,0,0,0,nan
27,4934303958176732,5023930256,23年08月13日 15:56,"好嘞，谢谢！<img alt=""[送花花]"" title=""[送花花]"" src=""https://face.t.sinajs.cn/t4/appstyle/expression/ext/normal/cb/2022_Flowers_org.png"" />",来自江西,4934304720751364,0,好嘞，谢谢！[送花花],5023930256,沐心Ushmily,https://weibo.com/u/5023930256,静待时光清浅，岁月流转，把酒言欢，梦里，青春与你我不似初见。,福建 三明,f,72,261,559,240,16,"2,761","3,017",nan
28,4934303958176732,5023930256,23年08月13日 16:15,"回复<a href=/n/沐心Ushmily usercard=""name=@沐心Ushmily"">@沐心Ushmily</a>:互关私，应该能帮到你",来自广东,4934309511434402,0,回复@沐心Ushmily:互关私，应该能帮到你,6502316378,Silentboy--,https://weibo.com/u/6502316378,,广东,m,94,189,3,0,0,1,1,nan
29,5038297160354309,5971773887,24年05月26日 15:58,可以,来自福建,5038310546999153,0,可以,5971773887,奶黄贝果_,https://weibo.com/u/5971773887,未来的模样,福建 泉州,f,186,340,210,200,1,317,518,nan
30,5038297160354309,5971773887,24年05月26日 15:59,"回复<a href=/n/奶黄贝果_ usercard=""name=@奶黄贝果_"">@奶黄贝果_</a>:私你啦",来自江西,5038310856069599,0,回复@奶黄贝果_:私你啦,6333616152,抹茶麻薯团子a,https://weibo.com/u/6333616152,,山东,f,147,86,1,0,0,4,4,nan
31,4887810119566975,5971773887,23年04月07日 08:54,"私<img alt=""[开学季]"" title=""[开学季]"" src=""https://face.t.sinajs.cn/t4/appstyle/expression/ext/normal/72/2021_kaixueji_org.png"" />",来自浙江,4887812854255342,0,私[开学季],5971773887,奶黄贝果_,https://weibo.com/u/5971773887,未来的模样,福建 泉州,f,186,340,210,200,1,317,518,nan
32,4887810119566975,5971773887,23年04月07日 09:32,"回复<a href=/n/奶黄巧克力_ usercard=""name=@奶黄巧克力_"">@奶黄巧克力_</a>:私了私了<img alt=""[送花花]"" title=""[送花花]"" src=""https://face.t.sinajs.cn/t4/appstyle/expression/ext/normal/cb/2022_Flowers_org.png"" />",来自福建,4887822534444876,0,回复@奶黄巧克力_:私了私了[送花花],5846290510,红烧渣牛,https://weibo.com/u/5846290510,没啥可介绍的,福建,f,5,110,3,0,0,3,3,nan
33,5048836871688323,5971773887,24年06月27日 23:46,可,来自福建,5050024872379729,0,可,5971773887,奶黄贝果_,https://weibo.com/u/5971773887,未来的模样,福建 泉州,f,186,340,210,200,1,317,518,nan
34,4890527143038622,5971773887,23年04月14日 21:14,目前不出,来自浙江,4890535737429312,0,目前不出,5971773887,奶黄贝果_,https://weibo.com/u/5971773887,未来的模样,福建 泉州,f,186,340,210,200,1,317,518,nan
35,4961903753300188,5971773887,23年10月28日 19:47,需要什么资料？,来自福建,4961904326869456,0,需要什么资料？,5971773887,奶黄贝果_,https://weibo.com/u/5971773887,未来的模样,福建 泉州,f,186,340,210,200,1,317,518,nan
36,4961903753300188,5971773887,23年10月28日 19:50,"回复<a href=/n/桓宝5776 usercard=""name=@桓宝5776"">@桓宝5776</a>:可以私我",来自福建,4961904994552174,0,回复@桓宝5776:可以私我,5971773887,奶黄贝果_,https://weibo.com/u/5971773887,未来的模样,福建 泉州,f,186,340,210,200,1,317,518,nan
37,4961903753300188,5971773887,23年10月28日 19:48,"回复<a href=/n/奶黄巧克力_ usercard=""name=@奶黄巧克力_"">@奶黄巧克力_</a>:求846真题<img alt=""[泪]"" title=""[泪]"" src=""https://face.t.sinajs.cn/t4/appstyle/expression/ext/normal/6e/2018new_leimu_org.png"" />",来自重庆,4961904672113590,0,回复@奶黄巧克力_:求846真题[泪],7629766098,桓宝5776,https://weibo.com/u/7629766098,,其他,m,1,8,0,0,0,0,0,nan
38,4914854340856142,5971773887,23年06月21日 19:37,可以斯我,来自福建,4915153692788233,0,可以斯我,5971773887,奶黄贝果_,https://weibo.com/u/5971773887,未来的模样,福建 泉州,f,186,340,210,200,1,317,518,nan
39,4887809007289252,5971773887,23年04月07日 08:40,我不是化学院的哦，我是材料学院的,来自浙江,4887809355421623,0,我不是化学院的哦，我是材料学院的,5971773887,奶黄贝果_,https://weibo.com/u/5971773887,未来的模样,福建 泉州,f,186,340,210,200,1,317,518,nan
40,4887809007289252,5971773887,23年04月07日 09:10,"回复<a href=/n/EmmA77097 usercard=""name=@EmmA77097"">@EmmA77097</a>:私我<img alt=""[开学季]"" title=""[开学季]"" src=""https://face.t.sinajs.cn/t4/appstyle/expression/ext/normal/72/2021_kaixueji_org.png"" />",来自浙江,4887816917746080,0,回复@EmmA77097:私我[开学季],5971773887,奶黄贝果_,https://weibo.com/u/5971773887,未来的模样,福建 泉州,f,186,340,210,200,1,317,518,nan
41,4887809007289252,5971773887,23年04月07日 08:44,"回复<a href=/n/奶黄巧克力_ usercard=""name=@奶黄巧克力_"">@奶黄巧克力_</a>:是的，我确定",来自河南,4887810307786872,0,回复@奶黄巧克力_:是的，我确定,7616106996,EmmA77097,https://weibo.com/u/7616106996,我的小世界,其他,f,5,3,73,10,0,8,18,nan
42,5006524172993952,6617428266,24年02月28日 23:10,"可以给我也推一下吗？<img alt=""[允悲]"" title=""[允悲]"" src=""https://face.t.sinajs.cn/t4/appstyle/expression/ext/normal/83/2018new_kuxiao_org.png"" />谢谢",来自福建,5006529223463926,0,可以给我也推一下吗？[允悲]谢谢,7725184382,用户7725184382,https://weibo.com/u/7725184382,,其他,f,2,120,0,0,0,0,0,nan
43,5006524172993952,6617428266,24年02月28日 23:17,"回复<a href=/n/用户7725184382 usercard=""name=@用户7725184382"">@用户7725184382</a>:互关一下",来自山西,5006530827256468,0,回复@用户7725184382:互关一下,7825381736,爱吃麻辣烫的欣欣_,https://weibo.com/u/7825381736,,其他,f,2161,2404,8,33,0,55,88,nan
44,5006398289612641,2563429911,24年02月28日 22:04,法硕研一🙋🏻‍♂️,来自福建,5006512628174154,0,法硕研一🙋🏻‍♂️,5261510865,_羊没吐气_,https://weibo.com/u/5261510865,简单路过一下,四川 资阳,f,25,120,251,1,1,16,18,nan
45,5005799671991767,6435142651,24年02月27日 09:41,你去蹲别的,来自浙江,5005963264001436,0,你去蹲别的,6435142651,你猜我一不一般,https://weibo.com/u/6435142651,很随意,浙江 温州,m,26,83,755,999,14,399,"1,412",nan
46,5005686541648815,6435142651,24年02月26日 15:37,"要要要感谢<img alt=""[爱你]"" title=""[爱你]"" src=""https://face.t.sinajs.cn/t4/appstyle/expression/ext/normal/f6/2018new_aini_org.png"" />",来自浙江,5005690292934075,0,要要要感谢[爱你],6435142651,你猜我一不一般,https://weibo.com/u/6435142651,很随意,浙江 温州,m,26,83,755,999,14,399,"1,412",nan
47,5006161549986021,6617957427,24年02月28日 00:44,加VX：FSKY1318咨询啦获取复试真题资料啦,来自江苏,5006190402864594,0,加VX：FSKY1318咨询啦获取复试真题资料啦,6617957427,法硕资料小王子,https://weibo.com/u/6617957427,直系师姐微信：FSKY1322【历时九年-每年更新至最新版-旧版失效】法律硕士复试真题 天下古今之庸人，皆以一惰字致败，天下古今之才人，皆以一傲字致败,北京 东城区,m,123200,257,27124,"22,203","9,681","40,996","72,880",教育博主
48,4963267512632625,6567667485,23年11月01日 14:36,"有出吗<img alt=""[羞嗒嗒]"" title=""[羞嗒嗒]"" src=""https://face.t.sinajs.cn/t4/appstyle/expression/ext/normal/df/lxhxiudada_org.gif"" />",来自福建,4963275637003608,0,有出吗[羞嗒嗒],6567667485,偷喝一瓶旺仔牛奶,https://weibo.com/u/6567667485,,其他,f,10,143,121,24,0,24,48,nan
49,4924240535228880,7491083117,23年07月16日 21:33,要的要的,来自河南,4924242787828512,0,要的要的,7491083117,吧唧吧唧jjj,https://weibo.com/u/7491083117,,其他,f,4,143,9,34,0,78,112,nan
50,4924240535228880,7491083117,23年07月17日 00:03,"回复<a href=/n/香蕉叭呐呐_ usercard=""name=@香蕉叭呐呐_"">@香蕉叭呐呐_</a>:能互关吗",来自河南,4924280405754301,0,回复@香蕉叭呐呐_:能互关吗,7491083117,吧唧吧唧jjj,https://weibo.com/u/7491083117,,其他,f,4,143,9,34,0,78,112,nan
51,4924240535228880,7491083117,23年07月16日 21:35,"回复<a href=/n/用户7491083117 usercard=""name=@用户7491083117"">@用户7491083117</a>:私聊吧",来自山东,4924243202547139,0,回复@用户7491083117:私聊吧,7395753127,香蕉叭呐呐_,https://weibo.com/u/7395753127,,山东,m,157,84,2,1,0,0,1,nan
52,4978994606248065,7260282268,23年12月14日 23:40,"<img alt=""[羞嗒嗒]"" title=""[羞嗒嗒]"" src=""https://face.t.sinajs.cn/t4/appstyle/expression/ext/normal/df/lxhxiudada_org.gif"" />",来自福建,4978995159897163,0,[羞嗒嗒],7260282268,好好好好啊好好好,https://weibo.com/u/7260282268,,其他,m,15,372,169,77,3,318,398,nan
53,4874437059150834,7509436385,23年03月01日 11:04,"嗯嗯嗯<img alt=""[泪]"" title=""[泪]"" src=""https://face.t.sinajs.cn/t4/appstyle/expression/ext/normal/6e/2018new_leimu_org.png"" />",来自黑龙江,4874437353014645,0,嗯嗯嗯[泪],7509436385,盏赆,https://weibo.com/u/7509436385,城南花已开，愿君长安在,其他,m,7,49,127,169,0,158,327,nan
54,4871651282128556,6882803451,23年02月21日 19:16,去年是373 我印象里 可以去官网看👀,来自福建,4871661990446698,0,去年是373 我印象里 可以去官网看👀,6882803451,那就去山顶吧,https://weibo.com/u/6882803451,,其他,f,17,67,34,17,0,7,24,nan
55,4871651282128556,6882803451,23年04月17日 17:07,同学你也是考福大社工的吗？可以加下福大社工考研QQ交流群417276358，大家一起组个队，群内大佬比较多,来自河南,4891560897156903,0,同学你也是考福大社工的吗？可以加下福大社工考研QQ交流群417276358，大家一起组个队，群内大佬比较多,7466459350,一起去学习呀,https://weibo.com/u/7466459350,,广东,m,5,101,3,0,0,0,0,nan
56,4871651282128556,6882803451,23年02月21日 19:42,"回复<a href=/n/那就去山顶吧 usercard=""name=@那就去山顶吧"">@那就去山顶吧</a>:好滴好滴 感谢回复！！<img alt=""[哇]"" title=""[哇]"" src=""https://face.t.sinajs.cn/t4/appstyle/expression/ext/normal/3d/2022_wow_org.png"" /><img alt=""[哇]"" title=""[哇]"" src=""https://face.t.sinajs.cn/t4/appstyle/expression/ext/normal/3d/2022_wow_org.png"" />",来自浙江,4871668448892769,0,回复@那就去山顶吧:好滴好滴 感谢回复！！[哇][哇],5239886983,炸年糕的优秀岛民代表,https://weibo.com/u/5239886983,想要一个天文望远镜🪐,浙江,f,159,294,1320,737,23,"1,079","1,839",nan
57,4882191677654287,3797159377,23年03月28日 13:24,私聊哦,来自福建,4884256902615928,0,私聊哦,3797159377,BbBBLa1r,https://weibo.com/u/3797159377,白白胖胖 充满希望,福建,f,54,164,2,6,0,2,8,nan
58,4882191677654287,3797159377,23年03月28日 13:38,"回复<a href=/n/BbBBLa1r usercard=""name=@BbBBLa1r"">@BbBBLa1r</a>:已私",来自山东,4884260382835875,0,回复@BbBBLa1r:已私,7564385459,芋圆啵啵小肥猫,https://weibo.com/u/7564385459,,其他,f,463,620,21,94,0,124,218,nan
59,4881480595016792,3797159377,23年03月28日 13:23,在滴～,来自福建,4884256835242059,0,在滴～,3797159377,BbBBLa1r,https://weibo.com/u/3797159377,白白胖胖 充满希望,福建,f,54,164,2,6,0,2,8,nan
60,5030054199303618,7362348204,24年05月03日 23:06,我现在没空啦,来自重庆,5030083439370722,0,我现在没空啦,7362348204,啦啦啦啦链8462358,https://weibo.com/u/7362348204,,湖南 长沙,f,34,126,35,55,0,103,158,nan
61,4856322082475641,7362348204,23年01月10日 23:34,"我复试资料没有了<img alt=""[允悲]"" title=""[允悲]"" src=""https://face.t.sinajs.cn/t4/appstyle/expression/ext/normal/83/2018new_kuxiao_org.png"" /><img alt=""[允悲]"" title=""[允悲]"" src=""https://face.t.sinajs.cn/t4/appstyle/expression/ext/normal/83/2018new_kuxiao_org.png"" />",来自重庆,4856506648631223,0,我复试资料没有了[允悲][允悲],7362348204,啦啦啦啦链8462358,https://weibo.com/u/7362348204,,湖南 长沙,f,34,126,35,55,0,103,158,nan
62,4827124763989045,6583534166,22年10月21日 21:48,当然可以呀，滴滴我哦~,来自福建,4827126640154165,0,当然可以呀，滴滴我哦~,6583534166,乔乔学姐呀,https://weibo.com/u/6583534166,qq:3438871682   v:fdqqxj 福大经管院在读研究生 提供:福大经管考研｜资料辅导｜初试复试 b站、知乎：爱吃泡芙的乔乔,福建 福州,f,111,98,170,68,5,79,152,nan
63,4827124763989045,6583534166,22年10月21日 21:54,"回复<a href=/n/福大乔乔学姐 usercard=""name=@福大乔乔学姐"">@福大乔乔学姐</a>:私了",来自四川,4827128001987335,0,回复@福大乔乔学姐:私了,6364034604,我想天天吃汉堡,https://weibo.com/u/6364034604,望着窗外，只要想起一生中后悔的事 梅花便落满了南山,四川,m,21,71,355,461,5,438,904,nan
64,4747627754947896,6882803451,22年04月04日 22:13,怎么说 如果是奔着一志愿 其实影响不大,nan,4754655286400952,0,怎么说 如果是奔着一志愿 其实影响不大,6882803451,那就去山顶吧,https://weibo.com/u/6882803451,,其他,f,17,67,34,17,0,7,24,nan
65,4747627754947896,6882803451,22年04月24日 16:22,"回复<a href=/n/往死里廋的我 usercard=""name=@往死里廋的我"">@往死里廋的我</a>:虽然可能今年给的稍微低，但大家一起低，所以还是看排名来，所以对一志愿没什么影响。但是调剂的话就会比较吃亏。",nan,4761814631713584,0,回复@往死里廋的我:虽然可能今年给的稍微低，但大家一起低，所以还是看排名来，所以对一志愿没什么影响。但是调剂的话就会比较吃亏。,6882803451,那就去山顶吧,https://weibo.com/u/6882803451,,其他,f,17,67,34,17,0,7,24,nan
66,4747627754947896,6882803451,22年04月05日 10:11,"回复<a href=/n/往死里廋的我 usercard=""name=@往死里廋的我"">@往死里廋的我</a>:因为大家都压，是排名战",nan,4754835876610914,0,回复@往死里廋的我:因为大家都压，是排名战,6882803451,那就去山顶吧,https://weibo.com/u/6882803451,,其他,f,17,67,34,17,0,7,24,nan
67,4747627754947896,6882803451,22年04月05日 09:21,"回复<a href=/n/那就去山顶吧 usercard=""name=@那就去山顶吧"">@那就去山顶吧</a>:啊哈<img alt=""[傻眼]"" title=""[傻眼]"" src=""https://face.t.sinajs.cn/t4/appstyle/expression/ext/normal/dd/2018new_shayan_org.png"" />为什么呢<img alt=""[doge]"" title=""[doge]"" src=""https://face.t.sinajs.cn/t4/appstyle/expression/ext/normal/a1/2018new_doge02_org.png"" />",nan,4754823469859212,0,回复@那就去山顶吧:啊哈[傻眼]为什么呢[doge],5659112178,加州阳光下的猫,https://weibo.com/u/5659112178,永远追求更好的自己🌸,四川 成都,f,100,791,17,3,0,0,3,nan
68,4740389770100777,5429036964,23年03月28日 01:13,同学，你好！你上岸了嘛，我也想想了解福大美术考研，你能帮帮忙嘛？🙏🙏🙏,来自贵州,4884073024063417,0,同学，你好！你上岸了嘛，我也想想了解福大美术考研，你能帮帮忙嘛？🙏🙏🙏,6326455946,甜mi白雨雨雨,https://weibo.com/u/6326455946,如果你花时间了解我的话，你就会发现，你浪费了一点时间,海南,f,162,172,521,114,1,110,225,nan
69,4740389770100777,5429036964,23年03月28日 01:28,"回复<a href=/n/甜mi白雨雨雨 usercard=""name=@甜mi白雨雨雨"">@甜mi白雨雨雨</a>:我没有诶",来自西藏,4884076815190183,0,回复@甜mi白雨雨雨:我没有诶,5997801586,小孙你今天背单词了吗,https://weibo.com/u/5997801586,要自己明显,云南,f,271,223,514,633,11,"1,137","1,781",nan
70,4646701799571671,5429036964,23年03月28日 01:12,同学，你好！想了解福大美术考研，你能帮帮忙嘛？🙏🙏🙏,来自贵州,4884072734394051,0,同学，你好！想了解福大美术考研，你能帮帮忙嘛？🙏🙏🙏,6326455946,甜mi白雨雨雨,https://weibo.com/u/6326455946,如果你花时间了解我的话，你就会发现，你浪费了一点时间,海南,f,162,172,521,114,1,110,225,nan
71,4643389884076519,5429036964,21年06月21日 11:34,有呀有呀 美术已上岸,nan,4650489104303217,0,有呀有呀 美术已上岸,7467920909,为什么爱吃青菜,https://weibo.com/u/7467920909,,福建,f,1,2,151,31,0,25,56,nan
72,4642709703232429,5429036964,21年06月05日 09:39,做专业课辅导不？,nan,4644661883309983,0,做专业课辅导不？,6562090315,天天信息咨询,https://weibo.com/u/6562090315,分享考研经验，考研答疑，直系学姐学长带你玩转考研，为大家保驾护航~帮学堂携手天天考研为大家服务！,天津,m,1397,299,20,134,0,4,138,唐山帮学堂信息技术咨询有限公司官方微博
73,4635667672596971,7486708179,21年05月11日 17:09,是想考福大非法学吗,nan,4635715410859151,0,是想考福大非法学吗,7486708179,橙色守望_,https://weibo.com/u/7486708179,咬定青山不放松,北京,m,467,184,88,293,21,382,696,nan
74,4635667672596971,7486708179,21年05月11日 14:13,？,nan,4635671195026705,0,？,7486708179,橙色守望_,https://weibo.com/u/7486708179,咬定青山不放松,北京,m,467,184,88,293,21,382,696,nan
75,4635667672596971,7486708179,21年05月11日 20:18,"回复<a href=/n/17最喜欢 usercard=""name=@17最喜欢"">@17最喜欢</a>:私信",nan,4635763142821150,1,回复@17最喜欢:私信,7486708179,橙色守望_,https://weibo.com/u/7486708179,咬定青山不放松,北京,m,467,184,88,293,21,382,696,nan
76,4635667672596971,7486708179,21年05月11日 18:42,"回复<a href=/n/橙色守望_ usercard=""name=@橙色守望_"">@橙色守望_</a>:嗯二战",nan,4635738882968235,0,回复@橙色守望_:嗯二战,6514901930,17最喜欢,https://weibo.com/u/6514901930,,其他,f,133,936,1407,20,3,128,151,nan
77,4612494691403926,2985307983,21年03月08日 15:18,是类,nan,4612494746193176,0,是类,2985307983,是Liqqqqqq啊,https://weibo.com/u/2985307983,平安喜乐,河南 许昌,f,162,150,1182,"1,354",49,"3,076","4,479",nan
78,4612494691403926,2985307983,21年03月08日 20:05,"我接下来应该和你一样！！！<img alt=""[二哈]"" title=""[二哈]"" src=""https://face.t.sinajs.cn/t4/appstyle/expression/ext/normal/22/2018new_erha_org.png"" />",nan,4612566981282532,0,我接下来应该和你一样！！！[二哈],3249166512,茄汁摆烂小鱼干,https://weibo.com/u/3249166512,啰嗦发疯的小话痨,河南 许昌,f,309,776,698,842,15,"1,364","2,221",nan
79,4612494691403926,2985307983,21年03月11日 22:08,"又找到物化工科复试的材料吗<img alt=""[允悲]"" title=""[允悲]"" src=""https://face.t.sinajs.cn/t4/appstyle/expression/ext/normal/83/2018new_kuxiao_org.png"" />",nan,4613685093336847,0,又找到物化工科复试的材料吗[允悲],2416935491,原味薯条不要花椒,https://weibo.com/u/2416935491,,福建,m,4,9,2,0,0,0,0,nan
80,4612494691403926,2985307983,21年03月08日 20:09,"回复 <a href=/n/荔枝味快乐 usercard=""name=@荔枝味快乐"">@荔枝味快乐</a>:哈哈哈，可以可以",nan,4612568109290231,0,回复 @荔枝味快乐:哈哈哈，可以可以,2985307983,是Liqqqqqq啊,https://weibo.com/u/2985307983,平安喜乐,河南 许昌,f,162,150,1182,"1,354",49,"3,076","4,479",nan
81,4612548302998001,2985307983,21年03月08日 18:53,"有考研群，但里边没复试的资料<img alt=""[允悲]"" title=""[允悲]"" src=""https://face.t.sinajs.cn/t4/appstyle/expression/ext/normal/83/2018new_kuxiao_org.png"" />",nan,4612548844323231,0,有考研群，但里边没复试的资料[允悲],2985307983,是Liqqqqqq啊,https://weibo.com/u/2985307983,平安喜乐,河南 许昌,f,162,150,1182,"1,354",49,"3,076","4,479",nan
82,4612548302998001,2985307983,21年03月08日 18:56,"回复<a href=/n/是Liqqqqqq啊 usercard=""name=@是Liqqqqqq啊"">@是Liqqqqqq啊</a>:你去贴吧看看，我们是群里有学长学姐，他们有资料（但不是无偿",nan,4612549569681285,0,回复@是Liqqqqqq啊:你去贴吧看看，我们是群里有学长学姐，他们有资料（但不是无偿,3777579974,uu小To警长_53,https://weibo.com/u/3777579974,祝我们都有稳定的情绪和爱,河南 许昌,f,124,158,899,"2,001",6,"1,552","3,559",nan
83,4594629858831085,6426733747,21年01月18日 16:54,学硕,nan,4594761802986506,0,学硕,6426733747,快乐女孩小loulou,https://weibo.com/u/6426733747,快快长胖 目标完美体重98斤,天津,f,125,370,179,403,0,403,806,nan
84,4594629858831085,6426733747,21年01月18日 20:49,"回复<a href=/n/快乐女孩小loulou usercard=""name=@快乐女孩小loulou"">@快乐女孩小loulou</a>:私信我哦",nan,4594821086059442,0,回复@快乐女孩小loulou:私信我哦,7550265605,福大经管考研酱,https://weibo.com/u/7550265605,想考福州大学经济与管理学院的同学可以看过来哟，福大经管考研酱为你答疑解惑。,福建,f,1597,36,118,293,17,229,539,nan
85,4594629858831085,6426733747,21年01月18日 20:41,"回复<a href=/n/福大经管考研酱 usercard=""name=@福大经管考研酱"">@福大经管考研酱</a>:嗯？可以呀 怎么联系呢",nan,4594819039242526,0,回复@福大经管考研酱:嗯？可以呀 怎么联系呢,6426733747,快乐女孩小loulou,https://weibo.com/u/6426733747,快快长胖 目标完美体重98斤,天津,f,125,370,179,403,0,403,806,nan
86,4594629858831085,6426733747,21年01月18日 18:35,"回复<a href=/n/快乐女孩小loulou usercard=""name=@快乐女孩小loulou"">@快乐女孩小loulou</a>:可以免费分享给你<img alt=""[太开心]"" title=""[太开心]"" src=""https://face.t.sinajs.cn/t4/appstyle/expression/ext/normal/1e/2018new_taikaixin_org.png"" />",nan,4594787308537092,0,回复@快乐女孩小loulou:可以免费分享给你[太开心],7550265605,福大经管考研酱,https://weibo.com/u/7550265605,想考福州大学经济与管理学院的同学可以看过来哟，福大经管考研酱为你答疑解惑。,福建,f,1597,36,118,293,17,229,539,nan
87,4594629858831085,6426733747,21年01月18日 18:35,"回复<a href=/n/快乐女孩小loulou usercard=""name=@快乐女孩小loulou"">@快乐女孩小loulou</a>:是想要复试真题吗？考研酱这里有哦",nan,4594787263190865,0,回复@快乐女孩小loulou:是想要复试真题吗？考研酱这里有哦,7550265605,福大经管考研酱,https://weibo.com/u/7550265605,想考福州大学经济与管理学院的同学可以看过来哟，福大经管考研酱为你答疑解惑。,福建,f,1597,36,118,293,17,229,539,nan
88,4592121745768848,5315059480,21年01月11日 19:39,"不用啦换专业了谢谢<img alt=""[good]"" title=""[good]"" src=""https://face.t.sinajs.cn/t4/appstyle/expression/ext/normal/8a/2018new_good_org.png"" />",nan,4592266646394603,0,不用啦换专业了谢谢[good],5315059480,Gotyournumber,https://weibo.com/u/5315059480,A secret makes a girl girl.,其他,f,28,139,1686,"1,356",55,653,"2,064",nan
89,4673425248884298,3004193740,21年08月24日 00:26,私信,nan,4673513950545019,0,私信,3004193740,周周设计考研,https://weibo.com/u/3004193740,室内 景观 考研 平面 产品设计资讯及分享,江西,m,28825,245,1746,987,"6,842","20,338","28,167",设计美学博主
90,4500521157394388,6008102591,20年06月22日 11:51,你们真题都是哪里来的吖～冒昧的问一句,nan,4518584203779713,0,你们真题都是哪里来的吖～冒昧的问一句,6400802358,Iknow223,https://weibo.com/u/6400802358,私人娱乐领域㊙️,湖南,f,97,646,1800,674,17,869,"1,560",nan
91,4500521157394388,6008102591,20年06月22日 11:52,"回复<a href=/n/Icecream2258 usercard=""name=@Icecream2258"">@Icecream2258</a>:加QQ",nan,4518584434724852,0,回复@Icecream2258:加QQ,6008102591,小段祎morning,https://weibo.com/u/6008102591,慢慢来，就比较快,江西 上饶,f,45,98,87,74,1,60,135,nan
92,4499186953444031,3708218627,20年04月29日 23:18,这两天陆续出来了4个学院的上线人数了，明天不出意外是差不多都要出来了，研招网咨询也是这样说的,nan,4499188278688956,0,这两天陆续出来了4个学院的上线人数了，明天不出意外是差不多都要出来了，研招网咨询也是这样说的,3708218627,better_aj,https://weibo.com/u/3708218627,,安徽,m,56,462,141,52,1,44,97,nan
93,4499186953444031,3708218627,20年04月30日 23:46,"回复<a href=/n/灰尘埃 usercard=""name=@灰尘埃"">@灰尘埃</a>:出了十几个学院了，没有我要的那个，真是备受煎熬啊！",nan,4499557704855827,0,回复@灰尘埃:出了十几个学院了，没有我要的那个，真是备受煎熬啊！,3708218627,better_aj,https://weibo.com/u/3708218627,,安徽,m,56,462,141,52,1,44,97,nan
94,4499186953444031,3708218627,20年04月30日 23:43,"回复<a href=/n/better_aj usercard=""name=@better_aj"">@better_aj</a>:看来出意外了",nan,4499556836464409,0,回复@better_aj:看来出意外了,3675949217,灰尘埃,https://weibo.com/u/3675949217,因你而在,福建 福州,m,25,500,34,12,0,59,71,nan
95,4499213834658455,3708218627,20年04月30日 02:14,"<img alt=""[二哈]"" title=""[二哈]"" src=""https://face.t.sinajs.cn/t4/appstyle/expression/ext/normal/22/2018new_erha_org.png"" />",nan,4499232542008138,0,[二哈],3708218627,better_aj,https://weibo.com/u/3708218627,,安徽,m,56,462,141,52,1,44,97,nan
96,4499213834658455,3708218627,20年05月01日 00:18,"回复<a href=/n/就像在加州 usercard=""name=@就像在加州"">@就像在加州</a>:祈祷！！！",nan,4499565691406977,0,回复@就像在加州:祈祷！！！,3708218627,better_aj,https://weibo.com/u/3708218627,,安徽,m,56,462,141,52,1,44,97,nan
97,4499213834658455,3708218627,20年05月01日 00:15,"回复<a href=/n/better_aj usercard=""name=@better_aj"">@better_aj</a>:那就还有希望，拜源堃，保过",nan,4499564961103716,0,回复@better_aj:那就还有希望，拜源堃，保过,3937357111,Jeray_Lt,https://weibo.com/u/3937357111,牛肉粉大口吃吧！,福建 厦门,m,110,266,1,0,0,0,0,nan
98,4499213834658455,3708218627,20年05月01日 00:14,"回复<a href=/n/就像在加州 usercard=""name=@就像在加州"">@就像在加州</a>:出意外了！没出<img alt=""[笑cry]"" title=""[笑cry]"" src=""https://face.t.sinajs.cn/t4/appstyle/expression/ext/normal/4a/2018new_xiaoku_thumb.png"" />",nan,4499564700349311,0,回复@就像在加州:出意外了！没出[笑cry],3708218627,better_aj,https://weibo.com/u/3708218627,,安徽,m,56,462,141,52,1,44,97,nan
99,4499213834658455,3708218627,20年05月01日 00:11,"回复<a href=/n/better_aj usercard=""name=@better_aj"">@better_aj</a>:怎么样了猪哥",nan,4499563866914765,0,回复@better_aj:怎么样了猪哥,3937357111,Jeray_Lt,https://weibo.com/u/3937357111,牛肉粉大口吃吧！,福建 厦门,m,110,266,1,0,0,0,0,nan
100,4499193534532569,3708218627,20年04月30日 00:46,什么学院的啊？,nan,4499210328294479,0,什么学院的啊？,3708218627,better_aj,https://weibo.com/u/3708218627,,安徽,m,56,462,141,52,1,44,97,nan
101,4499193534532569,3708218627,20年04月30日 09:25,通知去参加复试吗？,nan,4499340981199347,0,通知去参加复试吗？,2958994734,奶味甜兴酱,https://weibo.com/u/2958994734,知名染色体娱乐集团精神股东,福建 福州,f,280,139,190,"1,160",3,"1,565","2,728",nan
102,4499193534532569,3708218627,20年04月30日 09:45,"回复<a href=/n/追寻太阳的味道 usercard=""name=@追寻太阳的味道"">@追寻太阳的味道</a>:真幸福！",nan,4499345955418800,0,回复@追寻太阳的味道:真幸福！,2958994734,奶味甜兴酱,https://weibo.com/u/2958994734,知名染色体娱乐集团精神股东,福建 福州,f,280,139,190,"1,160",3,"1,565","2,728",nan
103,4499193534532569,3708218627,20年04月30日 09:31,"回复<a href=/n/奶味甜兴酱 usercard=""name=@奶味甜兴酱"">@奶味甜兴酱</a>:可以参加复试的一志愿人员拉了个群，还没通知线上线下",nan,4499342390855176,0,回复@奶味甜兴酱:可以参加复试的一志愿人员拉了个群，还没通知线上线下,1583391892,追寻太阳的味道,https://weibo.com/u/1583391892,想吃运气…,黑龙江 哈尔滨,m,225,357,341,103,28,72,203,nan
104,4499193534532569,3708218627,20年04月30日 07:24,"回复<a href=/n/better_aj usercard=""name=@better_aj"">@better_aj</a>:机械",nan,4499310434385277,1,回复@better_aj:机械,1583391892,追寻太阳的味道,https://weibo.com/u/1583391892,想吃运气…,黑龙江 哈尔滨,m,225,357,341,103,28,72,203,nan
105,4474196803236393,3311574045,20年06月18日 17:22,私信我吧,nan,4517218040564038,0,私信我吧,3311574045,是橘子呀yaa,https://weibo.com/u/3311574045,,浙江 台州,f,276,610,1019,35,13,7,55,nan
106,4474196803236393,3311574045,20年02月21日 00:47,838慎选！,nan,4474205809094733,0,838慎选！,6066322325,南山有骨堆啊,https://weibo.com/u/6066322325,你若尚在场,福建,m,5,88,6,9,0,0,9,nan
107,4474172635847345,3311574045,20年06月18日 17:23,私信我,nan,4517218148910827,0,私信我,3311574045,是橘子呀yaa,https://weibo.com/u/3311574045,,浙江 台州,f,276,610,1019,35,13,7,55,nan
108,4469413086181556,3311574045,20年06月18日 17:23,还有视频资料和真题，私信我,nan,4517218195416205,0,还有视频资料和真题，私信我,3311574045,是橘子呀yaa,https://weibo.com/u/3311574045,,浙江 台州,f,276,610,1019,35,13,7,55,nan
109,4511716798448768,3311574045,20年06月18日 17:23,小姐姐可以私我哦,nan,4517218249652442,0,小姐姐可以私我哦,3311574045,是橘子呀yaa,https://weibo.com/u/3311574045,,浙江 台州,f,276,610,1019,35,13,7,55,nan
110,4457875600759591,3311574045,20年02月13日 02:35,我资料还在，需要不,nan,4471333976876369,0,我资料还在，需要不,6436339296,星星不闪包退换qwq,https://weibo.com/u/6436339296,💫🌟✨⭐,福建 厦门,f,93,262,974,"1,672",8,755,"2,435",nan
111,4457875600759591,3311574045,20年03月27日 13:56,"回复<a href=/n/捕捉一只凡仔 usercard=""name=@捕捉一只凡仔"">@捕捉一只凡仔</a>:还有吗 可以分享吗小姐姐<img alt=""[悲伤]"" title=""[悲伤]"" src=""https://face.t.sinajs.cn/t4/appstyle/expression/ext/normal/ee/2018new_beishang_org.png"" />",nan,4487088017293840,0,回复@捕捉一只凡仔:还有吗 可以分享吗小姐姐[悲伤],6819715868,Ttbbed-gem,https://weibo.com/u/6819715868,没意思,湖南 长沙,f,159,199,400,"1,186",4,"1,332","2,522",nan
112,4457875600759591,3311574045,20年02月14日 10:35,"回复<a href=/n/捕捉一只凡仔 usercard=""name=@捕捉一只凡仔"">@捕捉一只凡仔</a>:👀 还有吗",nan,4471817068775225,0,回复@捕捉一只凡仔:👀 还有吗,5790541208,L-GoivFhag,https://weibo.com/u/5790541208,趋于无趣,福建,m,32,160,116,111,11,190,312,nan
113,4457875600759591,3311574045,20年02月13日 18:12,"回复<a href=/n/21考研ye usercard=""name=@21考研ye"">@21考研ye</a>:<img alt=""[佐伊卖萌]"" title=""[佐伊卖萌]"" src=""https://face.t.sinajs.cn/t4/appstyle/expression/ext/normal/50/angerbird_zuoyimaimeng_org.png"" />",nan,4471569722287958,0,回复@21考研ye:[佐伊卖萌],6436339296,星星不闪包退换qwq,https://weibo.com/u/6436339296,💫🌟✨⭐,福建 厦门,f,93,262,974,"1,672",8,755,"2,435",nan
114,4457875600759591,3311574045,20年02月13日 17:43,"回复<a href=/n/捕捉一只凡仔 usercard=""name=@捕捉一只凡仔"">@捕捉一只凡仔</a>:私你啦",nan,4471562491502065,0,回复@捕捉一只凡仔:私你啦,3238343823,白day梦想家,https://weibo.com/u/3238343823,人总是会慢慢成长的，不用担心,广西 南宁,f,19,735,2047,628,16,505,"1,149",nan
