,mid,uid,个人昵称,个人主页,发布时间,内容来自,展示内容,全部内容,转发数量,评论数量,点赞数量
0,5037261313807372,2020253241,眠-LC,https://weibo.com/2020253241,05月23日 18:29,微博网页版,#福州大学##律师说法#我们这个社会好像有点“受虐”倾向，有点过于偏爱“弱者”。你看，福州大学这件事儿，明明是女孩子被猥亵，当女孩去和辅导员沟通的时候，有理的她，本身是受害的她，此时就变成了“强者”，而那个猥亵她的男生就成了“弱者”，所以辅导员可以随意说“他不容易，考了很多年大​展开,#福州大学##律师说法#我们这个社会好像有点“受虐”倾向，有点过于偏爱“弱者”。你看，福州大学这件事儿，明明是女孩子被猥亵，当女孩去和辅导员沟通的时候，有理的她，本身是受害的她，此时就变成了“强者”，而那个猥亵她的男生就成了“弱者”，所以辅导员可以随意说“他不容易，考了很多年大学”“他爸爸失去了劳动能力”等等.......这种不分是非黑白和语境的状态是不是很像多子女家庭。我见过很多嘴上说要一碗水端平但永远端不平的多子女家庭，那个懂事的，有困难自己扛的好像就永远不需要爱和帮助，那个总是惹事不出门工作靠父母养的就变成了“弱者”，父母不仅偏爱还会要求那个努力的孩子陪他们一起偏爱那个“弱者”。拜托，搞搞清楚，他弱，不是他占尽便宜、不必负责的合理理由，不是他们伤害他人的借口。那个被猥亵的女孩原以为可以在一个安全的地方，在信任的辅导员面前得到有效的帮助和心理安慰，没想到却再一次受创，直到民警赶来告诉她不必害怕，她才敢流泪。一个辅导员的态度确实不能代表其他老师和校方的态度，但是，校方在招人的时候没有进行过必要的培训吗？在面对学生问题，甚至是学生犯罪问题，就没有教会一个辅导员如何辨别是非吗？这是校方需要反思的。也希望女孩子们多点勇气，保护好自己的同时敢于同错误的价值观宣战！#福州大学一男生猥亵女生#,198,176,7737
1,5039307523624686,5382192704,林成狗,https://weibo.com/5382192704,05月29日 10:00,微博视频号,暴雨后福州大学的流浪狗们#萌宠##福州大学##狗狗#林成狗的微博视频​,None,45,70,2193
2,5037260066524172,7544478315,月盈怀_,https://weibo.com/7544478315,05月23日 18:24,神秘的INFJ,#福州大学一男生猥亵女生##福大回应女生在校内电梯遭男生猥亵##福州大学#真的假的啊，有本校学生偷偷和我现身说法一下吗？？？为什么说被猥亵女生出于信任求助辅导员，辅导员还帮着30岁男的卖惨啊？？？？？​,None,9,111,3227
3,5037248213419852,7799872068,苏酿酿呀,https://weibo.com/7799872068,05月23日 17:37,None,家庭困难也不是袒护纵容犯罪的理由啊，本该是教书育人的地方，反过来却想利用道德绑架去维护一个猥亵犯？？咋想的？还留这样的人在大学校园干嘛用？过年给你包饺子吗？？#福州大学##福大回应女生在校内电梯遭男生猥亵##福州大学一男生猥亵女生#​,None,66,90,2272
4,5037269597818174,7051157562,白夜菌Dream,https://weibo.com/7051157562,05月23日 19:02,小白的Android,福州大学虎扑评分：辅导员有病。#福州大学#​,None,3,26,188
5,5037251467935842,3272474385,文笙V,https://weibo.com/3272474385,05月23日 17:49,网络邻居,穷，不容易，30岁：这么差劲的开局，不是想着积极，向上，阳光，而是想着欺侮弱小，这样的人也实在不成器！#福州大学一男生猥亵女生##福州大学#​,None,2,14,848
6,5037253177117391,5841739290,稚兔梦境,https://weibo.com/5841739290,05月23日 17:56,微博视频号,#福州大学#什么情况#福州大学一男生猥亵女生#稚兔梦境的微博视频​,None,2,22,209
7,5037269838725810,1791058743,种纬raullinoux,https://weibo.com/1791058743,05月23日 19:03,微博网页版,#福州大学#​#福州大学一男生猥亵女生#这是有两个关键点：1，男方被拘留了，福大表白墙官微也说自己核实过了行政处罚书，这似乎说明性骚扰的事属实；2，女生很受伤，一个原因是辅导员的态度，按长文说法，辅导员铁了心劝女生和解。根据以往相关事例，很多时候高校辅导员的第一反应是大事化小​展开,#福州大学#​#福州大学一男生猥亵女生#这是有两个关键点：1，男方被拘留了，福大表白墙官微也说自己核实过了行政处罚书，这似乎说明性骚扰的事属实；2，女生很受伤，一个原因是辅导员的态度，按长文说法，辅导员铁了心劝女生和解。根据以往相关事例，很多时候高校辅导员的第一反应是大事化小小事化了，这实际上违背了现代文明理念的，更何况也违背了自己的职责。如果长文属实，我很想知道辅导员的心理，有什么奇怪考核在他们身上吗，导致他们觉得不能出现这样的案件？,8,66,843
8,5037270992686415,1405759702,连线记者,https://weibo.com/1405759702,05月23日 19:07,None,#福大回应女生在校内电梯遭男生猥亵#为#福州大学#这位女生点赞！被猥亵，不沉默，敢反抗！​,None,18,12,406
9,5037267109021814,6868515675,Xxuan_cy,https://weibo.com/6868515675,05月23日 18:52,None,#福州大学一男生猥亵女生#辅导员还包庇犯罪的?学生出于对老师的信任寻求帮助你却继续把她推向深渊?#福州大学#​,None,2,19,155
10,5109643949117850,6605420677,铲屎官的日常,https://weibo.com/6605420677,12月09日 12:11,微博视频号,福州大学记录狗狗的账号走红了#福州大学##狗狗##福州大学流浪狗#铲屎官的日常的微博视频​,None,0,1,0
11,5108720515681838,7207456490,常炳禄,https://weibo.com/7207456490,12月06日 23:02,微博视频号,回回猫猫是狗狗我救的哦！#福州大学#流浪狗#感动#福州大学流浪狗回回#微博VC计划#常炳禄的微博视频​,None,0,1,0
12,5106396630618915,6750661060,福州大学考研助手,https://weibo.com/6750661060,11月30日 13:08,福大考研超话,福大考研超话#福州大学#福州大学超话#决战考研##bilibili#考研人数爆降50w​,None,0,0,1
13,5104927569084956,6090738784,李老师留学规划,https://weibo.com/6090738784,11月26日 11:50,微博视频号,福州大学国际本科中外合作办学项目，为众多学子带来新机遇。无论是应往届高三毕业生还是在读高二学生均可报名。无需高考成绩，通过自主招生入学。专业丰富多样，涵盖传媒艺术、音乐、美术、工商管理等。毕业后考公考编不受影响，助力学子实现人生梦想。#福州大学#国际本科#留学生福利#考公考编​展开,福州大学国际本科中外合作办学项目，为众多学子带来新机遇。无论是应往届高三毕业生还是在读高二学生均可报名。无需高考成绩，通过自主招生入学。专业丰富多样，涵盖传媒艺术、音乐、美术、工商管理等。毕业后考公考编不受影响，助力学子实现人生梦想。#福州大学#国际本科#留学生福利#考公考编李老师留学规划的微博视频,0,0,0
14,5104759520101098,5810153972,毛儿孩的故事,https://weibo.com/5810153972,11月26日 00:42,微博视频号,5月27日，猫与狗未必是仇敌，福州大学的一只流浪狗为了救助小奶猫，竟将自己的爪子刨至受伤。#动物情谊##福州大学##感人瞬间#毛儿孩的故事的微博视频​,None,0,0,0
15,5104358664702703,2055423903,小亞的禾瑜伽,https://weibo.com/2055423903,11月24日 22:10,iPhone客户端,#鼓岭音药坊##福州大学#熬夜背还好一把过必须颂钵疗愈来一场吸能量福州·音药坊小亞的禾瑜伽的微博视频​,None,0,0,0
16,5102391777299598,6042105161,探索星之路,https://weibo.com/6042105161,11月19日 11:54,微博视频号,福州大学记录狗狗的账号火了#福州大学##狗狗##福州大学流浪狗#探索星之路的微博视频​,None,0,1,0
17,5102028594348944,2952459303,余咕咕,https://weibo.com/2952459303,11月18日 11:51,Xiaomi 13 Pro,手机里翻到一张远古时期的观看英雄联盟决赛照片，土木vs数计，一秒爷青回#福州大学##英雄联盟#​,None,0,2,0
18,5102021420255133,7401552399,wwwwwzp10,https://weibo.com/7401552399,11月18日 11:22,努比亚 Z50,【木星】福大出摊记当日入夜后云开雾散，吃完晚饭就临时起意决定出摊举办天文社活动，因为是临时叫的，来的人不多，在观测了土星木星准备寻找天王星时，赤道仪出现了问题，转不动又发出怪叫，于是天文社活动就到此为止经过一段时间的询问和测试，发现是电源老化电压不足引起的，恰巧在活动室找到一​展开,【木星】福大出摊记当日入夜后云开雾散，吃完晚饭就临时起意决定出摊举办天文社活动，因为是临时叫的，来的人不多，在观测了土星木星准备寻找天王星时，赤道仪出现了问题，转不动又发出怪叫，于是天文社活动就到此为止经过一段时间的询问和测试，发现是电源老化电压不足引起的，恰巧在活动室找到一块不知道谁的12v电源，插上一看居然能用，而且支撑了两个小时于是就拍摄了木星，这么好的视宁度在秋冬季节实属罕见，也算是台风的恩赐了，不过后续拍摄天王星没拍好，光轴歪，起云，电脑没电，遂罢设备见图水印2024.11.16#摄影##天文摄影##望远镜##天文望远镜##木星##满月##微博摄影大赛##微博影像年##大美风光##福州大学#福州·福州大学,1,7,8
19,5098767395851849,6041830270,蠢狗视频集,https://weibo.com/6041830270,11月09日 11:52,微博视频号,福州大学记录狗狗的账号走红了#福州大学##狗狗##福州大学流浪狗##流浪狗回归##福州#蠢狗视频集的微博视频​,None,0,1,0
20,5097547079614765,6183821367,萌宠避风港,https://weibo.com/6183821367,11月06日 03:03,微博视频号,福州大学#流浪狗#“回回”为救被掩埋的小奶猫，挖掘石缝一个多小时，爪子磨至流血。网友感慨：善心不问种类！#福州大学##流浪狗##小奶猫##英勇救助##善良灵魂##不分物种##福州#萌宠避风港的微博视频​,None,0,0,0
21,5097465609457740,5014390818,在下王帅,https://weibo.com/5014390818,11月05日 21:39,iPhone客户端,直租，三室一厅，大阳台~大学城，看房联系18396126105#租房##福建师范大学##福州大学#福州·旗山湖公园​,None,0,1,0
22,5097421560611654,6042105161,探索星之路,https://weibo.com/6042105161,11月05日 18:44,微博视频号,福州大学的一只小猫被埋在土里，流浪狗“回回”急忙刨土救援，急得呜咽不已，爪子都磨破了，但眼中满是对猫咪的关切#善良##福州大学##流浪狗##万物有灵##福州#探索星之路的微博视频​,None,0,0,0
23,5096651892460646,5718328592,HuHii-烤盐上岸,https://weibo.com/5718328592,11月03日 15:46,iPhone客户端,拿到小福送滴校庆文创啦！！！FZU定制U盘好开心好开心！！！福大我们下次见～#校庆##福州大学#超级感谢@福州大学官博！祝福大越来越好！为祖国培育更多优秀人才！！！福州·福州大学旗山校区​,None,0,1,1
24,5096342136030983,6042105163,汪汪集市,https://weibo.com/6042105163,11月02日 19:15,微博视频号,在流浪狗回回身上看到了无尽的爱意#汪汪队立大功##流浪狗回回##福州大学##小狗的爱永存##福州#汪汪集市的微博视频​,None,0,0,1
25,5095961230312185,5050820001,土澳大叔,https://weibo.com/5050820001,11月01日 18:01,福州大学超话,您好我想咨询一下澳大利亚留学。国内211大学#福州大学#金融学专业毕业。均分82，想申请移民专业，例如采矿和护理和康复治疗。哪些项目支持我跨专业申请好滴私信帮你规划澳洲🇦🇺留学方案👌#澳大利亚留学申请##澳洲留学申请##新南威尔士大学#福州大学超话​,None,0,0,1
26,5095889507452499,6085757600,就宠大狼狗,https://weibo.com/6085757600,11月01日 13:16,微博视频号,它绝非流浪之犬，而是位天使呢！#狗狗##治愈##福州大学##福州大学流浪狗回回##温馨##福州#就宠大狼狗的微博视频​,None,0,0,0
27,5095184406938893,5145725714,TIMELOCK官方微博,https://weibo.com/5145725714,10月30日 14:34,微博网页版,#时间胶囊##时间舱##时间囊##时光胶囊##福州大学#​​​,None,0,0,0
28,5094417283421594,7615642915,福建高校表白君,https://weibo.com/7615642915,10月28日 11:46,OPPO随光而变R17,君君匿名投个稿。福大毕业三年了，三明人，155cm/92kg，虽然身高不高但心怀大海嘻嘻嘻，小巧可爱型爱笑，长相还不错，目前工作稳定（体制内），爱好旅游摄影，喜欢尝试新鲜有挑战的事物。希望对方上进，体制内优先，年龄相仿。#福建脱单交友发布栏##福建高校##福州大学#​,None,0,2,0
29,5094206697113333,1859178471,美立方吴金坠,https://weibo.com/1859178471,10月27日 21:49,微博视频号,正值福州大学66周年之际，福大一厦大德善杯高尔夫挑战赛颁奖典礼，邀请歌曲#《福大往事》创作者肖山老师现场演唱，而虞芙妮品牌创始人吴金坠，也是该歌曲的词创作人之一，我们一起重温一下#福大的青春岁月#虞芙妮#肖山#福州大学#厦门大学#福大往事美立方吴金坠的微博视频​,None,0,1,17
30,5093817210636892,6605418944,金毛治郁系,https://weibo.com/6605418944,10月26日 20:02,微博视频号,福州大学的一只小奶猫被埋进了土里，流浪狗“回回”急得呜咽着刨土救援，爪子都磨出了血，但眼中满是对猫咪的关切。#善良##福州大学##流浪狗##万物有灵##福州#金毛治郁系的微博视频​,None,0,0,0
31,5092713250953235,6041830270,蠢狗视频集,https://weibo.com/6041830270,10月23日 18:55,微博视频号,在流浪狗回回身上看到无尽的爱心流露#汪汪队立大功##流浪狗回回##福州大学##小狗的爱永恒不变##福州#蠢狗视频集的微博视频​,None,0,0,0
32,5092264137458695,6042105161,探索星之路,https://weibo.com/6042105161,10月22日 13:10,微博视频号,它绝非流浪之犬，而是一位天使！#狗狗##治愈##福州大学##福州大学流浪狗回回##温馨##福州#探索星之路的微博视频​,None,0,0,0
33,5090182277897016,5992567656,流浪猫的喵喵家,https://weibo.com/5992567656,10月16日 19:18,微博视频号,福州大学内一只小猫被埋，流浪狗“回回”急切地刨土救援，爪子磨破流血仍不放弃，眼中只有那只小猫。#善良##福州大学##流浪狗##万物有灵##福州#流浪猫的喵喵家的微博视频​,None,0,0,0
34,5089964799033583,6042105163,汪汪集市,https://weibo.com/6042105163,10月16日 04:53,微博视频号,#福州大学#流浪狗果果的重生之路，从逆境起步到狗生巅峰#果果##从逆境到辉煌##福州#汪汪集市的微博视频​,None,0,1,0
35,5088927830247916,6183821367,萌宠避风港,https://weibo.com/6183821367,10月13日 08:13,微博视频号,#福州大学#流浪狗回回是位狗狗英雄，世间满目疮痍，它却努力修补#狗狗##狗狗的心思尽在脸上##正能量##福州大学流浪狗回回##狗狗侠##福州#萌宠避风港的微博视频​,None,0,0,0
36,5088642955479394,5526424907,这是一只鼠w,https://weibo.com/5526424907,10月12日 13:21,HUAWEI Mate 60 Pro,生成一个随机数然后收费#福州大学#,None,0,0,19
37,5088638851879282,6085757600,就宠大狼狗,https://weibo.com/6085757600,10月12日 13:05,微博视频号,它可不是流浪狗，简直就是一只小天使！#狗狗##治愈##福州大学##福州大学流浪狗回访##暖心##福州#就宠大狼狗的微博视频​,None,0,1,1
38,5087813485724389,6042105161,探索星之路,https://weibo.com/6042105161,10月10日 06:25,微博视频号,#福州大学#流浪狗“回回”小英雄#校园里的流浪狗回回##世界破碎小狗修补##救助流浪犬##狗狗的心情全在脸上##福州#探索星之路的微博视频​,None,0,0,0
39,5087525805493799,6083654311,快乐的啵啵啵啵啵,https://weibo.com/6083654311,10月09日 11:22,小米10S,福州大学312#福州大学##心理学考研#​,None,0,1,1
40,5086719722914137,6533725991,萌宠种植员,https://weibo.com/6533725991,10月07日 05:59,微博视频号,#捡到一只猫##福州大学#流浪狗狗##汪汪队立大功##福州大学##流浪猫咪##可爱的猫猫###福州#萌宠种植员的微博视频​,None,0,1,0
41,5086543542748621,6183821367,萌宠避风港,https://weibo.com/6183821367,10月06日 18:19,微博视频号,福州大学里一只小奶猫被埋在土中，“回回”这只流浪狗焦急地刨土救援，爪子都磨出血了，眼中满是对猫咪的关切#善良##福州大学##流浪狗##万物有灵##福州#萌宠避风港的微博视频​,None,0,0,0
42,5085444089845583,6605418944,金毛治郁系,https://weibo.com/6605418944,10月03日 17:30,微博视频号,#在流浪狗回回身上看见无尽的爱意##汪汪队立大功##流浪狗回回##福州大学##小狗的爱永恒##福州#金毛治郁系的微博视频​,None,0,0,0
43,5085288135918936,6041830270,蠢狗视频集,https://weibo.com/6041830270,10月03日 07:10,微博视频号,#福州大学#流浪狗回回是位狗狗侠，世间满目疮痍，它却勤勉修补#狗狗##狗狗的心思尽在脸上##正能量满满##福州大学流浪狗回回##狗狗侠客##福州#蠢狗视频集的微博视频​,None,0,0,0
44,5084340761660298,7615642915,福建高校表白君,https://weibo.com/7615642915,09月30日 16:26,福建高校表白君超话,94年男生，福大硕士，173cm，61kg，厦门上市公司就业，不抽烟不打游戏。择偶要求，两个人合的来即可。#福建高校#福建高校表白君超话#福建脱单交友发布栏##福州大学#​,None,0,1,0
45,5084169980084854,6042105163,汪汪集市,https://weibo.com/6042105163,09月30日 05:07,微博视频号,#福州大学#流浪狗“回回”小英雄#校园里的流浪狗回回##世界破碎小狗修补##救助流浪犬##狗狗的心情全在脸上##福州#汪汪集市的微博视频​,None,0,0,0
46,5083098117308496,6042105161,探索星之路,https://weibo.com/6042105161,09月27日 06:08,微博视频号,【回回有了新家！救助小猫咪的狗狗已被领养#福州大学#流浪狗协会：获救的小猫咪也找到了主人】近日，#福州大学#一只名为“回回”的流浪狗，因奋力挖掘救出一只被困石板下的小猫，感动了无数网友。在同学们的帮助下，“回回”与小猫都被送往宠物医院接受治疗，并成功为其找到了合适的领养人。​展开,【回回有了新家！救助小猫咪的狗狗已被领养#福州大学#流浪狗协会：获救的小猫咪也找到了主人】近日，#福州大学#一只名为“回回”的流浪狗，因奋力挖掘救出一只被困石板下的小猫，感动了无数网友。在同学们的帮助下，“回回”与小猫都被送往宠物医院接受治疗，并成功为其找到了合适的领养人。#福州大学#流浪狗协会成员栀子表示，目前“回回”已被一位来自厦门的好心小姐姐收养，而它救出的小猫咪也找到了新家。栀子感谢大家对“回回”的关注和支持，目前协会救助流浪动物的资金充裕，希望更多的人能帮助那些更需要帮助的群体。#温暖故事##爱心传递##福州#探索星之路的微博视频,0,0,0
47,5083094846014160,6533725991,萌宠种植员,https://weibo.com/6533725991,09月27日 05:55,微博视频号,#福州大学#流浪狗##救助流浪猫#福州大学#流浪狗##可爱的狗狗##狗狗的表情全在脸上###福州#萌宠种植员的微博视频​,None,0,1,0
48,5083083971756234,5992567656,流浪猫的喵喵家,https://weibo.com/5992567656,09月27日 05:12,微博视频号,#福州大学#流浪狗“八公”的故事落幕#创作启发##狗狗的心情全在脸上##流浪狗找到归宿##世界残破不堪小狗用心修补##狗狗成了精##福州#流浪猫的喵喵家的微博视频​,None,0,1,0
49,5082694248301085,6041830270,蠢狗视频集,https://weibo.com/6041830270,09月26日 03:23,微博视频号,#福州大学#流浪狗果果的重生之路，从绝境逆袭到狗生巅峰#果果##从绝境到辉煌##福州#蠢狗视频集的微博视频​,None,0,1,0
50,5081378469183580,6042105163,汪汪集市,https://weibo.com/6042105163,09月22日 12:14,微博视频号,它可不是流浪狗，简直就是一只小天使！#狗狗##治愈##福州大学##福州大学流浪狗回访##暖心##福州#汪汪集市的微博视频​,None,0,0,0
51,5081006032293526,6750661060,福州大学考研助手,https://weibo.com/6750661060,09月21日 11:35,福大考研超话,福大考研超话红果研考研超话#考研英语#福州大学考研超话#福州大学#福大考研超话#决战考研##bilibili##24考研#实验哐哐做！​,None,0,1,0
52,5080772001666016,1904386234,吴茜茜钢琴,https://weibo.com/1904386234,09月20日 20:05,iPhone 11 Pro Max,来有福之州，做有福之人。品#福州大学#的福月饼。🥮#月饼#福州​,None,0,0,4
53,5080308078348818,5817063928,友一哭,https://weibo.com/5817063928,09月19日 13:21,福州大学超话,19元192g流量还挺好用的#福州大学##流量卡##广电#福州大学超话​,None,0,3,1
54,5080131657532082,5717675588,-李梨梨,https://weibo.com/5717675588,09月19日 01:40,iPhone客户端,本科树莓漫画课的独特小展#展览##厦门##福州大学#厦门·福州大学厦门工艺美术学院​,None,0,0,2
55,5079469448757804,6605418944,金毛治郁系,https://weibo.com/6605418944,09月17日 05:49,微博视频号,#捡到一只猫咪##福州大学#流浪狗狗#汪汪队立大功##福州大学#流浪猫咪#萌萌猫猫##福州#金毛治郁系的微博视频​,None,0,0,0
56,5079221005193320,7207456490,常炳禄,https://weibo.com/7207456490,09月16日 13:21,微博视频号,#一场特殊的生日会福州大学是所有小动物都想考的大学吧！#动物#福州大学#流浪狗#爱#微博VC计划#常炳禄的微博视频​,None,0,1,1
57,5079064792793552,6085757600,就宠大狼狗,https://weibo.com/6085757600,09月16日 03:01,微博视频号,#福州大学#流浪狗果果的重生之路，从绝境逆袭到狗生巅峰#果果##从绝境逆袭到狗生辉煌##福州#就宠大狼狗的微博视频​,None,0,0,0
58,5078471996866572,6921255821,我说no你说不,https://weibo.com/6921255821,09月14日 11:45,HUAWEI Pura 70,记一个福大给的中秋福利#大学生活##福州大学##日常#​,None,0,2,3
59,5078203310539302,1265518314,永平法硕李志勇学长,https://weibo.com/1265518314,09月13日 17:58,微博网页版,#法硕就业#法院系统：1、刘，江西#瑞金#人，#上海海事大学#，#法本法硕#专业，2022年入职江西省瑞金市人民法院。2、吴，江西九江人，#福州大学#法学院，#法硕非法学#专业，2021年入职江苏扬中市人民法院。3、张，江苏#宿迁#人，#南京信息工程大学#，#法硕非法学#专业377，2024年入职江苏宿迁市宿豫​展开,#法硕就业#法院系统：1、刘，江西#瑞金#人，#上海海事大学#，#法本法硕#专业，2022年入职江西省瑞金市人民法院。2、吴，江西九江人，#福州大学#法学院，#法硕非法学#专业，2021年入职江苏扬中市人民法院。3、张，江苏#宿迁#人，#南京信息工程大学#，#法硕非法学#专业377，2024年入职江苏宿迁市宿豫区人民法院。4、吴，江苏宿迁人，#天津工业大学#知识产权学院，#法硕非法学#专业360，2024年入职江苏宿迁市宿豫区人民法院。5、张，江苏启东人，#法律硕士#，2024年入职江苏南通市通州湾江海联动开发示范区人民法院。,0,0,0
60,5078188265570528,2332664135,拯救水逆,https://weibo.com/2332664135,09月13日 16:58,荣耀V30 PRO 5G,今天领的#中秋##福州大学#​,None,0,1,2
61,5077752804018713,6533725991,萌宠种植员,https://weibo.com/6533725991,09月12日 12:07,微博视频号,它可不是流浪狗，简直就是一只小天使！#狗狗##治愈##福州大学##福州大学流浪狗回访##温馨##福州#萌宠种植员的微博视频​,None,0,0,0
62,5077684183107873,2401967177,黄建明-叁哥,https://weibo.com/2401967177,09月12日 07:35,HUAWEI P40 Pro 5G,福州大学，请多多关照！#福州大学##越努力越幸运#福州·福州大学铜盘校区​,None,0,1,0
63,5077511667190650,7547955370,-念棠-,https://weibo.com/7547955370,09月11日 20:09,iPhone客户端,之前在忙，一直没整理。今天清理网盘时发现了复试的资料。23年报考的福州大学的图书情报专硕，遗憾没成功上岸。复试前从学长那边买的真题、复试流程、教材等等，还是挺有用，只怪自己初试考的不高。总之，大家都太厉害啦（硬是把复试线抬高十几分分）有一志愿考福州大学的姐妹，需要复试材​展开,之前在忙，一直没整理。今天清理网盘时发现了复试的资料。23年报考的福州大学的图书情报专硕，遗憾没成功上岸。复试前从学长那边买的真题、复试流程、教材等等，还是挺有用，只怪自己初试考的不高。总之，大家都太厉害啦（硬是把复试线抬高十几分分）有一志愿考福州大学的姐妹，需要复试材料的话可以滴滴我。先祝大家初试顺利～上岸#福州大学##考研##图书情报#图书情报硕士MLIS超话图书情报专硕超话#图书情报专业复试#,0,0,0
64,5077004628525796,6041830270,蠢狗视频集,https://weibo.com/6041830270,09月10日 10:34,微博视频号,#福州大学#记录汪星人的账号火了#汪汪##福州大学流浪狗##流浪狗回归##福州#蠢狗视频集的微博视频​,None,0,0,0
65,5075875678913182,5534277971,圣考研网,https://weibo.com/5534277971,09月07日 07:48,百度App,"《【初试】福州大学085100建筑#355建筑学基础#华研辅导-圣考资料网-25考研》欢迎登陆→#福州大学#研究生院校资料历年真题，研究方向，参考书目，复试分数，报录比等信息,供大家参考。最新版本，请点这里获得【初试】2网页链接​",None,0,0,0
66,5075857232103023,6042105161,探索星之路,https://weibo.com/6042105161,09月07日 06:35,微博视频号,#福州大学#流浪犬“八公”的故事落幕#创作启发#狗狗的表情透露心声#流浪犬找到归宿#世界残破不堪小狗用心修补#狗狗变得聪明伶俐##福州#探索星之路的微博视频​,None,0,0,0
67,5075762061508744,6297984921,装满甜茶,https://weibo.com/6297984921,09月07日 00:17,微博轻享版,开始学#福州大学#​,None,0,0,0
68,5075660877595124,5992567656,流浪猫的喵喵家,https://weibo.com/5992567656,09月06日 17:35,微博视频号,福州大学里一只小奶猫被埋在土中，“回回”这只流浪狗焦急地刨土救援，爪子都磨出血了，眼中满是对猫咪的关切#善良##福州大学##流浪狗##万物有灵##福州#流浪猫的喵喵家的微博视频​,None,0,0,1
69,5075166962909497,7528687371,长江国际真可以,https://weibo.com/7528687371,09月05日 08:52,iPhone客户端,#福州大学#找研究生队友一起参加数学建模比赛​,None,0,1,0
70,5074486346646194,7615642915,福建高校表白君,https://weibo.com/7615642915,09月03日 11:48,OPPO随光而变R17,99福大研二，179，南昌人，性格开朗，热爱生活，希望找个同在福州读书的南昌人。#福建高校##研究生##福州大学#​,None,0,0,0
71,5073010790498481,6085757600,就宠大狼狗,https://weibo.com/6085757600,08月30日 10:04,微博视频号,在流浪狗回回身上感受到满满的爱意#汪汪队立大功##流浪狗回回##福州大学##小狗的爱永远不变##福州#就宠大狼狗的微博视频​,None,0,0,0
72,5072927659393070,6042105161,探索星之路,https://weibo.com/6042105161,08月30日 04:34,微博视频号,#福州大学#流浪狗“回回”小英雄#校园里的流浪狗回回##世界残破不堪小狗努力修补##救助流浪动物##狗狗的心情全在脸上##福州#探索星之路的微博视频​,None,0,0,0
73,5072903890010659,6041830270,蠢狗视频集,https://weibo.com/6041830270,08月30日 03:00,微博视频号,#福州大学#流浪狗回回是个狗狗侠，世间满是疮痍，小狗侠用心缝合#狗狗##狗狗的心思全在脸上##正能量##福州大学流浪狗回回##狗狗侠##福州#蠢狗视频集的微博视频​,None,0,0,0
74,5072749107874223,6605418944,金毛治郁系,https://weibo.com/6605418944,08月29日 16:44,微博视频号,#福州大学#记录汪星人的账号火了#福州大学##狗狗##福州大学流浪狗##流浪狗回归##福州#金毛治郁系的微博视频​,None,0,3,1
75,5072097527733539,6042105163,汪汪集市,https://weibo.com/6042105163,08月27日 21:35,微博视频号,"#福州大学#的#流浪狗#“回回”,为了拯救被困的小猫，不懈挖掘石缝超过一个小时，以至于爪子都被磨出了血。网友们纷纷表示：真正的善良超越了物种界限！#善良##救助行动##跨越物种的爱##福州#汪汪集市的微博视频​",None,0,0,0
76,5071971486272165,6533725991,萌宠种植员,https://weibo.com/6533725991,08月27日 13:14,微博视频号,#福州大学#内的流浪勇士“回回”，因救助被掩埋的小猫爪子受伤流血。后续消息：这位小生灵与身患严重皮肤病的英雄“回回”均已获得妥善医治。#福州#萌宠种植员的微博视频​,None,0,0,0
77,5070927719041530,5534277971,圣考研网,https://weibo.com/5534277971,08月24日 16:07,百度App,"《【初试】福州大学081001通信与信息系统#866信号与系统#华研辅导-圣考资料网-25考研》欢迎登陆→#福州大学#研究生院校资料历年真题，研究方向，参考书目，复试分数，报录比等信息,供大家参考。最新版本，请点这里获得网页链接​",None,0,0,1
78,5067076897342632,5760419095,佩是泥蝶你别怀疑,https://weibo.com/5760419095,08月14日 01:05,iPhone客户端,#福州大学#为什么默许保安和保洁暴力驱赶流浪狗？？说话@福州大学​,None,0,1,1
79,5066959670479063,7588452546,想给小狗织毛衣,https://weibo.com/7588452546,08月13日 17:19,iPhone客户端,#福州大学#打狗啥意思​,None,0,0,0
80,5065438087878002,7615642915,福建高校表白君,https://weibo.com/7615642915,08月09日 12:33,OPPO随光而变R17,01福大环境设计女生，目前在南平建阳从事设计工作，兴趣爱好广泛，喜欢看电影，喜欢拍摄有相机📷，打算入一辆机车，爱生活，爱运动～#福建高校##福州大学##南平#​,None,0,1,0
81,5062333543488570,7579471724,助研学姐,https://weibo.com/7579471724,07月31日 22:57,iPhone客户端,考福大的同学注意咯……#福州大学##考研#​,None,0,0,0
82,5061938321295185,5828878850,面包蟹夹面包,https://weibo.com/5828878850,07月30日 20:46,iPhone客户端,#福州大学#本来是刷视频看到了说学校有人打躲雨的流浪狗，看到已经够气愤了，没想到帖子底下看到更下头的东西…我寻思福州大学的辅导员门槛这么低吗​,None,0,0,0
83,5060353316357031,7492560365,想回厦门吃烤鱼,https://weibo.com/7492560365,07月26日 11:48,福州大学超话,福建高考超话#高考#福州大学超话#福州大学#福大准大一，想问问有没有转机械的学长学姐啊，私我给我点经验​,None,0,2,0
84,5058620008694287,3880574186,土澳大叔留学,https://weibo.com/3880574186,07月21日 17:00,福州大学超话,您好～我想咨询一下澳洲硕士的相关事项，#福州大学#物流管理专业毕业。gpa3.4可刷到3.5以上。pte@PTE易王炸还没考。硕士想申请物流与供应链管理好滴私信帮你规划澳洲🇦🇺留学方案👌#澳洲硕士##出国留学##留学生#福州大学超话​,None,0,0,2
85,5056804788635022,7726597085,校园帮考研,https://weibo.com/7726597085,07月16日 16:47,微博视频号,福州大学863数据结构与程序设计考研初试真题#初试##真题##福州大学##数据结构##考研#校园帮考研的微博视频​,None,0,0,0
86,5056127448647543,2512278425,考研吕忠泽老师,https://weibo.com/2512278425,07月14日 19:56,考研超话,福州大学经管学院25考研初试科目调整。#福州大学#考研超话​,None,0,0,0
87,5055424005150261,2936300880,东南网莆田站,https://weibo.com/2936300880,07月12日 21:21,微博视频号,7月12日下午，莆田市“感悟治水理念体验非遗文化”青少年研学活动暨2024年大学生暑期“三下乡”社会实践启动仪式在莆田市美术馆举行#莆田##大学生三下乡暑期社会实践##福州大学##福建师范大学#@福州大学@福建师范大学@莆田学院@湄洲湾职业技术学院东南网莆田站的微博视频​,None,0,0,0
88,5055401846374933,5829964145,柒只潇JUNE,https://weibo.com/5829964145,07月12日 19:53,nova12系列出色蓝不住,​收到了“福袋”的心动offer💌​从此有福之人登上有福之州啦感谢福大收留，努力读文献回报你呜呜#福州大学#福州大学超话​,None,0,5,7
89,5054976785389268,1878607654,杨超凡_吴越艺术,https://weibo.com/1878607654,07月11日 15:44,微博视频号,天美设计和福大哪个更好怎么选？如何选择？#美术生##美术生集训##杭州画室##天津美术学院##福州大学##设计#杨超凡_吴越艺术的微博视频​,None,0,2,0
90,5054636203443798,6750661060,福州大学考研助手,https://weibo.com/6750661060,07月10日 17:10,福大考研超话,福大考研超话#福州大学##决战考研##24考研##决战考研##福州大学##考研英语#黑天鹅来啦～暑假弯道超车哦～​,None,0,2,0
91,5054582822279950,7323851802,从土拨鼠到小杰猪,https://weibo.com/7323851802,07月10日 13:38,Redmi Note 12 Turbo,Herewego！2024夏窗转会新闻～211高校【福州大学】签下文杰✍🏻合同期至2027年盛夏今天只读一本书———录取通知书🎓#福州大学##录取通知书##考研上岸#​,None,0,6,8
92,5054302833872153,7453103986,宝宝贝贝肖肖,https://weibo.com/7453103986,07月09日 19:06,nova 9 精彩由我摄定,怎么什么小广告都往门里塞啊#福州大学##研究生#​,None,0,0,4
93,5054211454933957,6582516224,飞过一座一座岛Lxw,https://weibo.com/6582516224,07月09日 13:02,nova11系列敢拍敢出色,微博怎么能不发呢，任何一个人不知道都是我通知不到位，福大九月见#考研上岸##福州大学##法硕##九月开学季#​,None,0,2,6
94,5053517250693384,7784590888,草莓熊种太阳,https://weibo.com/7784590888,07月07日 15:04,iPhone客户端,✌️#福州大学##马理论考研#​,None,0,4,1
95,5053201156413208,7657827839,EwJsn1,https://weibo.com/7657827839,07月06日 18:08,iPhone 15 Pro,拿下FZU#福州大学#莆田·莆田学院紫霄校区​,None,0,8,6
96,5052461945458205,3880574186,土澳大叔留学,https://weibo.com/3880574186,07月04日 17:11,福州大学超话,您好老师，以下是我的基本情况:#福州大学#网络工程专业85毕业，诉求:想要申请澳洲qs50以内的一年制的硕士，专业方向:数字(新)媒体传播，公关，市场营销，工商管理，大数据相关(最好不要太技术，怕太难读好滴私信帮你规划澳洲🇦🇺留学方案👌#留学##澳洲硕士#福州大学超话#出国留学#​,None,0,0,1
97,5051875612690015,7793018963,Eating脏脏包,https://weibo.com/7793018963,07月03日 02:21,福州大学超话,24福大866已上岸，可接专业课辅导答疑福州大学超话#考研##福州大学#​,None,0,3,4
98,5051453073002794,6280360720,学霸师兄,https://weibo.com/6280360720,07月01日 22:22,微博视频号,勿忘我之爱的副歌篇章来临了#福州大学##合唱队伍##牢记这份爱##张碧晨##学府之声##张碧晨#学霸师兄的微博视频​,None,0,0,0
99,5051042221265091,2167259271,Wuli_三金同学,https://weibo.com/2167259271,06月30日 19:09,Xiaomi 14 Pro,我的魔法袍好像有点不一样#哈利波特##霍格沃茨##北京环球影城##福州大学##毕业季#​,None,0,1,3
100,5050391997716063,7081312428,_浩想碎觉-,https://weibo.com/7081312428,06月29日 00:05,iPhone客户端,#研学##福州大学##高三#福州·福州大学旗山校区​,None,0,3,1
101,5049620975850051,7615642915,福建高校表白君,https://weibo.com/7615642915,06月26日 21:02,OPPO随光而变R17,99福大男生研一在读，工科圈子小，喜欢旅游爬山，喜欢拍照，#福建高校##福州大学#福州​,None,0,3,0
102,5049306816187352,5857209093,乾隆把把,https://weibo.com/5857209093,06月26日 00:13,福州超话,全部全部全部都是骗人哒福州超话#福州大学#福州​,None,0,0,2
103,5048477572926200,1639738197,如梦令Alice,https://weibo.com/1639738197,06月23日 17:18,熬夜小能手,离校最后一天妈妈去学校接我回家～下一次去福建不知道是哪年啦！#毕业##如梦令的日常##福州大学#大庆​,None,0,2,4
104,5047262620683388,6280360720,学霸师兄,https://weibo.com/6280360720,06月20日 08:50,微博视频号,福州大学针对校内女子遭受侵犯事件发表声明，坚决否定对男性的袒护行为#福州大学##性骚扰##官方表态##福州#学霸师兄的微博视频​,None,0,0,0
105,5047080097943599,7290715536,旅游导刊,https://weibo.com/7290715536,06月19日 20:45,微博网页版,#福州大学##解锁闪闪发光的你##毕业季#🎓🎉毕业不是离别，但确是下一个开始Via@无风且自由​,None,0,0,0
106,5047004495873213,3880574186,土澳大叔留学,https://weibo.com/3880574186,06月19日 15:45,福州大学超话,你好我想申一下澳洲的学校是免中介费的对吧，#墨尔本大学#it硕士有哪些科目可以选择呢我#福州大学#本科是计算机科学与技术的。毕业84分。it雅思分数需要多少呢移民好移嘛。冲着移民去的好滴私信帮你规划澳洲🇦🇺留学方案👌#雅思##澳洲留学中介#福州大学超话​,None,0,0,1
107,5046581984495668,7615642915,福建高校表白君,https://weibo.com/7615642915,06月18日 11:46,OPPO随光而变R17,00年男生，福大研二，龙岩人，圈子简单，热爱生活，喜欢运动，涉略广泛，无不良嗜好，真诚相待#福建高校##福州大学##研究生#​,None,0,3,1
108,5046382325401784,5857209093,乾隆把把,https://weibo.com/5857209093,06月17日 22:32,福州超话,好咯福州超话#福州大学#福州·三坊七巷​,None,0,1,2
109,5042242496759921,5864047302,今天加V了吗,https://weibo.com/5864047302,06月06日 12:22,HUAWEI P40 5G,出华南理工大学新闻专业考研书以及背诵笔记等，价格私#新闻学考研##考研##福州##福州大学#​,None,0,3,8
110,5041172884229449,1056529207,学生非凡,https://weibo.com/1056529207,06月03日 13:32,iPhone客户端,#福州大学#​,None,0,0,1
111,5040595248880123,7784590888,草莓熊种太阳,https://weibo.com/7784590888,06月01日 23:17,iPhone客户端,出书#马理论考研##福州大学#​,None,0,0,1
112,5040570494094279,6039693514,yemather,https://weibo.com/6039693514,06月01日 21:38,nova7你在焦点在,找福大数学专业研究生学长学姐#福州大学##福大数学##数学考研#​福州大学超话福州·福州大学​,None,0,1,7
113,5038935715090339,2370624892,瓜吃狸,https://weibo.com/2370624892,05月28日 21:18,养猪专业户iPhone客户端,真是有被感动到大家有看到福州大学流浪狗，帮助挖掘洞穴坍塌被压的流浪猫的视频吗大学生们好热血，看视频好感动。希望能用微薄的力量让更多人关注这件事，希望流浪狗、猫能有个好心人收养🙏#福州大学#​,None,1,4,33
114,5039081706226258,6528540882,短线德哥,https://weibo.com/6528540882,05月28日 19:02,微博视频号,在流浪狗回回身上看见无数爱意的展现#汪汪队立大功#流浪狗回回#福州大学#小狗的爱是永远的比空白更空白的洁白的微博视频​,None,0,0,3
115,5038791526188619,5840504664,茶卡盐佑星_k,https://weibo.com/5840504664,05月27日 23:49,iPhone客户端,#福州大学#能不能不要打小狗了​,None,0,0,0
116,5038745541938624,2667204325,括弧张烦烦括弧,https://weibo.com/2667204325,05月27日 20:46,iPhone客户端,福州大学的流浪小狗救流浪猫，看得姐眼泪汪汪#福州大学##小狗每天都会剩点饭给流浪猫吃##两只流浪小狗拼命追着它的幸福#​,None,0,0,0
117,5038450034082412,5640751865,张老师x_全国派单,https://weibo.com/5640751865,05月27日 01:12,iQOO Neo6 SE竞速标杆,#福州大学#福州5052102四年语文，孩子是男生，师大语文专业对口大二及以上的在校大学生，80/小时。周内晚上5.30-7.30，一周四次课，一次课两个小时，地址仓山区金桔路公园道一号福州5052502初二全科侧重理科辅导功课，成绩还可以，孩子是女生，女研究生，90/小时。周二到周五和周日晚上7.30-9.30，​展开,#福州大学#福州5052102四年语文，孩子是男生，师大语文专业对口大二及以上的在校大学生，80/小时。周内晚上5.30-7.30，一周四次课，一次课两个小时，地址仓山区金桔路公园道一号福州5052502初二全科侧重理科辅导功课，成绩还可以，孩子是女生，女研究生，90/小时。周二到周五和周日晚上7.30-9.30，一周五次课，一次课两个小时，地址仓山区世欧上江城,0,0,0
118,5038282976526924,7731676592,尼采的鱼,https://weibo.com/7731676592,05月26日 14:08,福州大学超话,福州大学超话欢迎各位报考本校快来加入大一新生🐧934722687，有热心学长学姐答疑解惑#福州大学#​,None,0,1,0
119,5038114185675657,1926566657,飞往你的山1105,https://weibo.com/1926566657,05月26日 02:58,iPhone客户端,#福州大学一男生猥亵女生#只有正确正义的处理方式才是真正维护自己的名声，为了所谓的影响不好、压着轻处是那位辅导员和学校一些管理人员不明智的处理方式。#福州大学#为勇敢的女生发声​,None,0,0,4
120,5037484148788356,5082570725,3000Zoey,https://weibo.com/5082570725,05月25日 18:02,iPhone客户端,#福州大学##福州大学一男生猥亵女生#穷不是他的免死金牌再说了94年的考了这么多年才考上大学不是他自己能力不够吗跟不容易有什么关系既然都考上大学了不珍惜学习时间跑去xsr女同学是什么个意思？？贵校辅导员和校领导也是拎不清的到底谁是受害者？？尊重客观事实很难吗？？做人民好教师很难吗？​展开,#福州大学##福州大学一男生猥亵女生#穷不是他的免死金牌再说了94年的考了这么多年才考上大学不是他自己能力不够吗跟不容易有什么关系既然都考上大学了不珍惜学习时间跑去xsr女同学是什么个意思？？贵校辅导员和校领导也是拎不清的到底谁是受害者？？尊重客观事实很难吗？？做人民好教师很难吗？？,0,3,61
121,5037950811504976,7710246512,xhoahwidhakge,https://weibo.com/7710246512,05月25日 16:08,iPhone客户端,#福州大学一男生猥亵女生##福州大学#​,None,0,1,4
122,5037872995894857,7506820093,左右灰影,https://weibo.com/7506820093,05月25日 10:59,iQOO Neo5S 双芯旗舰,#福州大学#顶一下​,None,0,1,0
123,5037860189113294,5626366926,北欧组Nasuka,https://weibo.com/5626366926,05月25日 10:08,iPhone客户端,#福州大学#辣鸡猥亵男，辣鸡辅导员，恶心🤢​,None,0,0,2
124,5037753882116169,7458734494,爆米花and淇淇,https://weibo.com/7458734494,05月25日 03:06,nova7你在焦点在,#福州大学#支持女孩子保护自己的合法权益​,None,0,0,1
125,5037730144977635,6554878491,住在秋天的西瓜,https://weibo.com/6554878491,05月25日 01:32,一加11 行星发动机,#福州大学一男生猥亵女生##福大回应女生在校内电梯遭男生猥亵##福州大学#不如关心一下真的没有争议的需要帮助的事情，而不是在这里打男权女权​,None,0,0,1
126,5037707223106745,5990080835,一只读书的咸鱼,https://weibo.com/5990080835,05月25日 00:01,三星Galaxy S23+,#福州大学一男生猥亵女生##福州##福州大学#,None,0,0,1
127,5037487653391518,5224009387,土味阿姨,https://weibo.com/5224009387,05月24日 23:23,None,真恶心啊#福州大学#​,None,10,9,165
128,5037682839000615,5016533977,鸢尾花的徽-章,https://weibo.com/5016533977,05月24日 22:24,Redmi K40,#福州大学#这位辅导员是谁呀，有人知道吗?​,None,0,0,2
129,5037560877813219,7270643484,长谷川大桃子,https://weibo.com/7270643484,05月24日 14:19,微博极速版,#福州大学#能不能别叫男生了好恶​,None,0,0,2
130,5037550706622668,7764499031,幼恩葵葵,https://weibo.com/7764499031,05月24日 13:39,Android,#福州大学#1​,None,0,2,0
131,5037545321398528,6034428171,微妙的粉色海草饭,https://weibo.com/6034428171,05月24日 13:17,iPhone客户端,#福州大学#以这种方式认识你。。。你们这所学校不把辅导员和那b男一起开了那么你们的校史上会永远留下污点,None,0,1,5
132,5037519470858627,6087983581,汣汣菻菻遗,https://weibo.com/6087983581,05月24日 11:34,微博轻享版,#福州大学#....现在说让子弹飞一会...之前胖猫事件的时候倒是恨不得子弹直接射死女方....晦气...​,None,0,0,3
133,5037514996318750,6192449025,芒果味妙脆角,https://weibo.com/6192449025,05月24日 11:17,HUAWEI P60,#福州大学一男生猥亵女生#30岁男生叫家长，好小众的文字#福州大学#​,None,0,0,2
134,5037506998044646,6736197711,拳打脚踢地球中,https://weibo.com/6736197711,05月24日 10:45,nova 9 SE,#福州大学#,None,0,0,0
135,5037295279539668,1634463250,Joyce_He勇敢点,https://weibo.com/1634463250,05月24日 10:41,HUAWEI Mate 30 5G,关闭评论就觉得没有这件事了么？辣鸡福州大学#福州大学#这种辅导员留着过年呢？,None,0,0,34
136,5037363048482539,7772719241,兔子小姐的炸梨酥,https://weibo.com/7772719241,05月24日 01:13,福州大学超话,福州大学超话负大负大负大负大负大负大负大负大你死了你死了你死了你死了你死了你死了你死了你死了出些事情就知道拿着钱撤热搜删评论真是有担当教导学生做人做事要有担当有责任到你们这呢？一个比一个恶心怎么滴受害者不是你，你就无关​展开,福州大学超话负大负大负大负大负大负大负大负大你死了你死了你死了你死了你死了你死了你死了你死了出些事情就知道拿着钱撤热搜删评论真是有担当教导学生做人做事要有担当有责任到你们这呢？一个比一个恶心怎么滴受害者不是你，你就无关紧要高高在上了等着吧下一个就是你#福州大学一男生猥亵女生##福州大学#,0,0,1
137,5037351185419089,5977411026,_芭芭拉巴巴o3o,https://weibo.com/5977411026,05月24日 00:26,Android,#福州大学#OUT！！​,None,0,2,1
138,5037344961073104,7737465037,才不是布袋,https://weibo.com/7737465037,05月24日 00:01,iPhone客户端,#福州大学#滚​,None,0,0,0
139,5037342072507360,6298060117,Danae圈地自萌,https://weibo.com/6298060117,05月23日 23:50,iPhone客户端,#福州大学#这个大学这么恶心嘛这个女生可能说对了，对于男辅导员来说，觉得女生被摸摸碰碰没什么这种辅导员和那个学院领导都应该被开除，且在档案中重重的记一笔！​,None,0,0,1
140,5037341840245847,5651514532,八重Chitose,https://weibo.com/5651514532,05月23日 23:49,iPhone 15 Plus(粉色),#福州大学#垃圾就是垃圾上了985211一样是垃圾​,None,0,0,0
141,5037334728281608,6537581745,Tsing_degoa,https://weibo.com/6537581745,05月23日 23:20,iPhone 14 Pro Max,#福州大学#恶心男人建议直接消灭​,None,0,0,4
142,5037325862307920,7550798390,没有田鱼,https://weibo.com/7550798390,05月23日 22:45,田鱼的池塘Android,#福州大学#辅导员和内男的都不是好东西​,None,0,0,0
143,5037325669371389,7752182925,用户7752182925,https://weibo.com/7752182925,05月23日 22:44,iPhone客户端,#福州大学##福州大学一男生猥亵女生#管不住下半身的男的就应该放在监狱里好好管​,None,0,0,1
144,5037266419844277,1897723622,法治四川,https://weibo.com/1897723622,05月23日 22:40,依法治省办Android,【什么行为算猥亵、性骚扰？法律后果是什么？】猥亵、强奸的法律后果有哪些？违法犯罪行为定会受到法律的严惩！详戳学法↓via~广东公安、正义网@四川监狱@天府气象@贵港共青团转给更多人学法守法​​​​​网友讨论～#福州大学一男生猥亵女生##福州大学#，​展开,【什么行为算猥亵、性骚扰？法律后果是什么？】猥亵、强奸的法律后果有哪些？违法犯罪行为定会受到法律的严惩！详戳学法↓via~广东公安、正义网@四川监狱@天府气象@贵港共青团转给更多人学法守法​​​​​网友讨论～#福州大学一男生猥亵女生##福州大学#，#道路千万条守法第一条#,62,36,75
145,5037324081825099,7852381073,酱子哥的小海绵,https://weibo.com/7852381073,05月23日 22:38,全屏双摄 OPPO A5,#福州大学#我靠炸裂了​,None,0,0,0
146,5037323972512611,7590217837,好像是妹宝,https://weibo.com/7590217837,05月23日 22:38,vivo S7轻薄自拍旗舰,#福州大学#逆天福大以后还有人想报吗​,None,0,0,0
147,5037323873681550,2230913455,搜狐视频,https://weibo.com/2230913455,05月23日 22:37,微博视频号,#福大回应女生在校内电梯遭男生猥亵#近日，网传#福州大学#一男生在电梯内猥亵女生，引发热议。据网传信息显示，受害女生称在5月18日遭受猥亵后第一时间将事情经过告知了学院辅导员，但辅导员却在后续处理中存在避重就轻，反复为男生开脱的嫌疑，导致女生感到失望，转而选择报警，最后男生被行政拘留15​展开,#福大回应女生在校内电梯遭男生猥亵#近日，网传#福州大学#一男生在电梯内猥亵女生，引发热议。据网传信息显示，受害女生称在5月18日遭受猥亵后第一时间将事情经过告知了学院辅导员，但辅导员却在后续处理中存在避重就轻，反复为男生开脱的嫌疑，导致女生感到失望，转而选择报警，最后男生被行政拘留15日。#福州大学一男生猥亵女生#针对此事，福州大学学生处工作人员称事件属实，但学校不存在纵容包庇男生的问题，“当天晚上女生报警后男生就被行政拘留了，现在还在拘留所里”，所以学校暂时无法对其做出相应处理，只能等男生从拘留所里出来后，依据福州大学校纪校规，对其进行相应的惩治处理。“福州大学坚持依法治校，对违规违纪的学生肯定是要予以惩处的。”该工作人员强调。据悉，目前警方已经介入此事，多方正在处理。福州大学表态称学校日后将会加强相关的具体的管理细节。网传福州大学校内一男生猥亵女生，女生发文称学校为男生开脱？校方：不存在纵容搜狐视频的微博视频,2,13,72
148,5037323062346652,5365577777,Ky1e_g,https://weibo.com/5365577777,05月23日 22:34,iPhone客户端,#福州大学#不讨论此事情，就说大学辅导员基本都这个尿性，应该没人反对吧？（虽然辅导员也是干活办事，说了也不算，得听校领导的）​,None,0,0,0
149,5037321084210754,6091394081,Ziilynn00_,https://weibo.com/6091394081,05月23日 22:26,iPhone客户端,#福州大学#神经学校神经辅导员​,None,0,2,2
150,5037316505339575,5857331318,爆辣爆辣炒米粉,https://weibo.com/5857331318,05月23日 22:08,iPhone客户端,#福州大学#什么垃圾学校劝退！​,None,0,0,0
151,5037308426588881,6436333126,-寻迪冒险记,https://weibo.com/6436333126,05月23日 21:36,捣蛋的小鬼,#福州大学#管理不好下半身的直接割了吧还要着干嘛​,None,0,0,0
152,5037308309670016,1242839362,吴彦军,https://weibo.com/1242839362,05月23日 21:35,忽如远行客Android,#福州大学#这下好了，真是出了个大名声。马上又是高考报名的时间，算是开了个好头。福州大学欢迎你，首先教你和稀泥！​,None,0,0,2
153,5037305706318551,6775173966,萝卜干_7,https://weibo.com/6775173966,05月23日 21:25,iPhone客户端,#福州大学#哪个校区的​,None,0,0,0
154,5037305138512841,2352241612,阿万zsw,https://weibo.com/2352241612,05月23日 21:23,iPhone客户端,#福州大学#你福特色包庇的事儿还少吗​,None,0,0,0
155,5037302642380840,5524391896,Prayforyouandme_,https://weibo.com/5524391896,05月23日 21:13,iPhone客户端,#福州大学#能不能取消辅导员制度啊，有事联系教务处，学国外那种，没有辅导员，没有班长啥的，公平一点，评各种奖项也就可以不用班长优先了​,None,0,0,0
156,5037300986416298,5890406062,Bucciarati的贴心小棉袄,https://weibo.com/5890406062,05月23日 21:06,OPPO Find X3,#福州大学#丑东西毕业了还要给我添堵，晦气​,None,0,0,1
157,5037299602297048,6063463799,逝去的青春印,https://weibo.com/6063463799,05月23日 21:01,HUAWEI P60 Pro,#福州大学#94年的高考考了很多年是什么鬼​,None,0,0,1
158,5037296283293549,6916916103,可能我是彩虹小狗,https://weibo.com/6916916103,05月23日 20:48,iPhone客户端,#福州大学#我的梦校以不可思议的方式火了​,None,0,0,0
159,5037296114206661,7789807979,缺钙镁锌的懒羊羊,https://weibo.com/7789807979,05月23日 20:47,Hi nova 9 Pro,#福州大学#居然上热搜了​,None,0,0,0
160,5037295793079876,6747684244,汪汪小狗曲奇,https://weibo.com/6747684244,05月23日 20:46,iPhone 14 Pro Max,#福州大学#卧槽上热搜了。​,None,0,0,1
161,5037290424896620,2969123902,漂亮帅兔平举三百斤胡萝卜,https://weibo.com/2969123902,05月23日 20:24,iPhone客户端,#福州大学#这种事我必须掺和一下！！校方根本不把警方放在眼里！！知道为什么吗！！猥亵者可是男方！！中华文明传宗接代最重要的男方！！区区一个女人被猥亵在他们眼里算什么东西，他们当然得保护爱护开导男方了​,None,0,0,5
162,5037289850539487,7526835459,狗犼,https://weibo.com/7526835459,05月23日 20:22,iPhone客户端,#福州大学#我觉得还好没人骂他高考考了10年，不然蹲考5年咋算呢还有就是什么原生家庭不能开脱我也觉得有点矛盾，之前那个蹲考5年的新闻不就说是原生家庭害的吗？所以还是不要蹲考，与社会、至少是同龄人大多数走的路脱节可能会造成好多心理问题利益相关：大学留级转专业，约等于蹲考吧​,None,0,0,1
163,5037289517879934,7561131071,澳洲鸭子在美国,https://weibo.com/7561131071,05月23日 20:21,iPad air,#福州大学#学校如何呢​,None,0,0,0
164,5037289449457564,7561131071,澳洲鸭子在美国,https://weibo.com/7561131071,05月23日 20:20,iPad air,#福州大学#dd​,None,0,0,0
165,5037284015215931,1936119834,河北长城网,https://weibo.com/1936119834,05月23日 19:59,None,考考你：福建的省会是哪里？#福州大学一男生猥亵女生##福州大学#福建的省会是哪里？​,None,1,3,2224
166,5037282849458144,6370073986,檐上那只猫-运势强劲版,https://weibo.com/6370073986,05月23日 19:54,真我GT Neo,#福州大学#正打算明天去福州大学呢​,None,0,0,0
167,5037279817765483,1562273464,365-厦门大雨,https://weibo.com/1562273464,05月23日 19:42,微博网页版,#福大回应女生在校内电梯遭男生猥亵#：警方已经介入，多方正在处理。#福州大学#辅导员却保持冷处理的态度？为何如此？​,None,0,2,6
168,5037279142218370,6292263441,今生墨然1987,https://weibo.com/6292263441,05月23日 19:39,HUAWEI Mate 20,#福州大学#压热搜，维稳工作不好做呢。​,None,0,0,0
169,5037278953475017,7107979920,橘红半夏_,https://weibo.com/7107979920,05月23日 19:39,iQOO Neo5 生而为赢,#福州大学#这个大学阔以避雷咯高考生们！​,None,0,0,0
170,5037278382788537,6631763993,平衡盐溶液-,https://weibo.com/6631763993,05月23日 19:36,iPhone客户端,#福州大学#导员啊导员​,None,0,0,0
171,5037277634105483,7191402059,用户7191402059,https://weibo.com/7191402059,05月23日 19:33,HUAWEI Mate 40 Pro,#福州大学#未知全貌，不予置评​,None,0,0,0
172,5037275843135425,6002486965,哇塞李聪明啊,https://weibo.com/6002486965,05月23日 19:26,iPhone客户端,#福州大学#建议查下这个大学的辅导员感觉都不是什么好东西​,None,0,0,0
173,5037275473775192,6910372761,沁瑶默雅,https://weibo.com/6910372761,05月23日 19:25,荣耀30 5G,#福州大学#为啥老是有这种丢人现眼的事情，反思一下#性骚扰#​,None,0,0,1
174,5037274804784923,7676176905,夏天很热讷,https://weibo.com/7676176905,05月23日 19:22,iPhone客户端,#福州大学#辅导员就是很神经，大家懂的都懂​,None,1,0,1
175,5037274697828353,6002486965,哇塞李聪明啊,https://weibo.com/6002486965,05月23日 19:22,iPhone客户端,#福州大学#太丢人了还尼玛经管办​,None,0,0,0
176,5037274607650077,6002486965,哇塞李聪明啊,https://weibo.com/6002486965,05月23日 19:21,iPhone客户端,#福州大学#辅导员你和那个男的一起➖4⃣️了​,None,0,0,0
177,5037274490471915,6013913516,发条俱乐部,https://weibo.com/6013913516,05月23日 19:21,iPhone客户端,啥b学校出了再多的问题只要占着一个211的名号就有人源源不断的涌入那么谴责的作用在哪？#福州大学#​,None,0,0,3
178,5037274282857647,5997610977,简单Jagie,https://weibo.com/5997610977,05月23日 19:20,iPhone客户端,#福州大学#开始压热搜了？​,None,0,0,0
179,5037273856870457,2513805733,一木想喝海盐芝士奶盖不加糖,https://weibo.com/2513805733,05月23日 19:18,HUAWEI Mate 60,#福州大学#建议退学处理​,None,0,0,0
180,5037273714004743,5660504746,JJ_讨厌吃菜,https://weibo.com/5660504746,05月23日 19:18,iPhone客户端,#福州大学#招生减章​,None,0,0,0
181,5037273666291263,5462210820,冬尔公水,https://weibo.com/5462210820,05月23日 19:18,Redmi Note 12 Turbo,#福州大学#书都读到狗肚子里去了​,None,0,0,0
182,5037273540465133,5904467512,皓月离空_cy17,https://weibo.com/5904467512,05月23日 19:17,iQOO U5,#福州大学##福州大学一男生猥亵女生#希望有一个公正的处罚，不要让受害人为加害人让步，加害人必须受到应有的惩罚​,None,0,0,1
183,5037273505334485,6595840011,今天月亮弯吗,https://weibo.com/6595840011,05月23日 19:17,iPhone 13,#福州大学#福大你也是火了好事不出门坏事传千里​,None,0,0,1
184,5037273227988948,7739410432,空空知知哈哈,https://weibo.com/7739410432,05月23日 19:16,nova12系列出色蓝不住,#福州大学#现在这样尿性的辅导员，不配为人师表，恶心​,None,0,0,1
185,5037273105564698,7829054323,榴莲拌麻辣烫呀,https://weibo.com/7829054323,05月23日 19:15,微博 HTML5 版,#福州大学#神经，管不了自己就钉墙上吧​,None,0,0,0
186,5037272849712116,1927697354,神厨JENNYLIU,https://weibo.com/1927697354,05月23日 19:14,三星 Galaxy Z Flip4,#福州大学#抓紧出来官方答复，猥亵毕竟是犯罪。​,None,0,0,0
187,5037272766876345,7734281866,怕不是脑袋进水,https://weibo.com/7734281866,05月23日 19:14,nova7你在焦点在,#福州大学#这样的人该死，但是福州是无辜的，大家理智哈(T^T)​,None,0,0,0
188,5037272569221090,7744644878,Hazell68146050,https://weibo.com/7744644878,05月23日 19:13,iPhone客户端,为什么中国大学性骚扰丑闻不断？不就是处罚太轻了那些男的觉得没什么犯罪成本他们知道社会偏袒他们#福州大学性骚扰##福州大学#​,None,0,0,2
189,5037271361520251,5615723078,江菀筇_,https://weibo.com/5615723078,05月23日 19:09,荣耀70 Pro 5G,#福州大学#辅导员在大学完全就是副作用根本解决不了任何问题还总是一副盛气凌人的样子​,None,0,0,1
190,5037271071853238,5022451551,低谦调虚2,https://weibo.com/5022451551,05月23日 19:07,iPhone客户端,#福州大学#怎么回事我未曾谋面的母校​,None,0,0,1
191,5037270770648246,6196151351,滚楼梯大师,https://weibo.com/6196151351,05月23日 19:06,HUAWEI Mate30 Pro 5G,#福州大学#凭什么要让受害者体谅加害者？！我不理解一个辅导员是怎么说出这些话的​,None,0,0,1
192,5037270640100130,7810810375,欧尼保持好心态,https://weibo.com/7810810375,05月23日 19:06,vivo 全新水滴屏手机,#福州大学#男的枪毙了好吗​,None,0,0,0
193,5037270174533762,6520316856,Itachi_鼬君,https://weibo.com/6520316856,05月23日 19:04,荣耀50 5G,#福州大学#大家不要只看到辅导员，还有那所谓的书记也是一路货色​,None,0,0,0
194,5037269518126581,5990235111,林鹤昂,https://weibo.com/5990235111,05月23日 19:01,一加 Ace Pro,#福州大学#很多老师遇到事都是冷处理，不想麻烦自己，然后被害人就无能为力，冷处理简直就是二次伤害，是伤害者的帮凶，不可原谅！！！​,None,0,0,0
195,5037269410646892,5362742782,筷来枣窝丸,https://weibo.com/5362742782,05月23日 19:01,iPhone客户端,#福州大学##福州大学一男生猥亵女生#居然是这种方式登上热搜​,None,0,0,9
196,5037269377877535,1202725934,璞玉无痕,https://weibo.com/1202725934,05月23日 19:01,Xiaomi 14 Pro,#福州大学#包庇罪犯就是对依法治国法制社会的最大破坏​,None,0,0,0
197,5037269222426726,6314048164,大赦证明书,https://weibo.com/6314048164,05月23日 19:00,iPhone客户端,#福州大学#愤怒啊！211的处理方式？？？？​,None,0,0,0
198,5037268995152626,6126660802,橘子面包sir,https://weibo.com/6126660802,05月23日 18:59,🍊🍞的iPhone 14,#福州大学#没想到有朝一日在热搜榜上看到自己学校是这样的fzu你也是够丢人的​,None,0,0,0
199,5037268353419361,7389798495,好吃鱼宝,https://weibo.com/7389798495,05月23日 18:57,iPhone客户端,#福州大学#非本人帮顶94年/高考多次上岸/家庭贫困都不是侵犯他人的挡箭牌希望福州大学给出一个合理的解决方案！​,None,0,0,5
200,5037267687051006,3042772437,简白画0,https://weibo.com/3042772437,05月23日 18:54,OPPO Find N3 Flip,#福州大学#学校就知道压信息，每个学校都这样，又不是你干的事情你干嘛不让公正处理。这种领导能不能趁早别干​,None,0,0,1
201,5037266850284286,1057081383,资深颜狗娱乐影视大全,https://weibo.com/1057081383,05月23日 18:51,nova 9 SE,#福州大学#静等结果​,None,0,0,1
202,5037266734940902,6997089806,太空超级无敌饼干,https://weibo.com/6997089806,05月23日 18:50,饼干🍪的iPhone 13,#福州大学#替胖猫讲话那些人呢？​,None,0,1,9
203,5037266720265931,7707687624,Jusfotrec,https://weibo.com/7707687624,05月23日 18:50,iPhone客户端,#福州大学#2024年了，高校遇到事情，第一反应还是“压”​,None,0,0,1
204,5037266697454196,5840556502,ll令ll,https://weibo.com/5840556502,05月23日 18:50,iPhone客户端,#福州大学一男生猥亵女生##福州大学#严肃处理​,None,0,2,0
205,5037266284054056,5912109260,你看我多像个憨憨,https://weibo.com/5912109260,05月23日 18:48,Redmi K60,#福州大学一男生猥亵女生##福州大学#经管男生都不是什么好鸟🙏​,None,0,0,0
206,5037266113663927,6512748388,Elotie07,https://weibo.com/6512748388,05月23日 18:48,小米10S,首先这个男的很恶心，其次这个学校也很恶心，保安虐狗抓狗去狗肉场，30岁大叔猥亵女学生，辅导员帮加害人求情，这还只是一部分，多恶心上大学是这样的，从上到下烂透了#福州大学#你总算是出名了,None,0,0,2
207,5037265646519380,6495459806,ukkmmm,https://weibo.com/6495459806,05月23日 18:46,iPhone客户端,#福州大学#深井冰的学校为了所谓的不影响学校声誉包庇猥亵的伞兵想要息事宁人难道不是发布公告开除猥亵的人更能凸显学校的作风吗所有猥亵的人不值得被原谅！​,None,0,1,0
208,5037264824436222,2067797761,Astarrr__,https://weibo.com/2067797761,05月23日 18:43,iQOO 5 超能竞速,#福州大学#既然上热搜了那我就再来热搜顶一下吧​,None,0,0,4
209,5037264578808506,7184343447,星槎XY,https://weibo.com/7184343447,05月23日 18:42,None,#福州大学#原文在这，发这个的人还被封号了，恶心​,None,0,1,2
210,5037261970998681,1937306337,和你一起有关系,https://weibo.com/1937306337,05月23日 18:31,远宇宙快乐星球永久居民,#福州大学#家庭困难不该是学校包容袒护犯罪的理由。感觉学校是怕有坏的影响。在自保。不顾及受害者的心情反过来道德绑架受害者也是绝了。不是家庭困难吗。正好送进去。​,None,0,0,7
211,5037261563363530,1216774375,柒颗橙味啵啵糖,https://weibo.com/1216774375,05月23日 18:30,HUAWEI P50 Pro,#福州大学#看着这个事情从朋友圈到微博热搜，心情挺复杂的……希望朋友能得到她满意的结果吧​,None,0,0,6
212,5004122769852322,3499451874,白人空谷幽兰,https://weibo.com/3499451874,02月22日 07:48,iPhone客户端,今年大学春节猜灯谜轮到福州大学出题，福大交由数学系出题，当看到题目的时候，让前两届出题的师大和厦大中文系教授们目瞪口呆，真是山外有山、楼外有楼啊！（转发一下）#福州大学#1.谜题：0000谜底：四大皆空================2.谜题：0＋0＝0谜底：一无所获================3.谜题：0​展开,今年大学春节猜灯谜轮到福州大学出题，福大交由数学系出题，当看到题目的时候，让前两届出题的师大和厦大中文系教授们目瞪口呆，真是山外有山、楼外有楼啊！（转发一下）#福州大学#1.谜题：0000谜底：四大皆空================2.谜题：0＋0＝0谜底：一无所获================3.谜题：0+0=1謎底：无中生有================4.谜题：1×1=1谜底：一成不变================5.谜题：1的n次方谜底：始终如一================6.谜题：1:1谜底：不相上下================7.谜题：1/2谜底：一分为二================8.谜题：1+2+3谜底：接二连三================9.谜题：3.4谜底：不三不四================10.谜题：33.22谜底：三三两两================11.谜题：2/2谜底：合二为一================12.谜题：20÷3谜底：陆续不断================13.谜题：1=365谜底：度日如年================14.谜题：9寸加1寸谜底：得寸进尺================15.谜题：1÷100谜底：百里挑一================16.谜题：333，555谜底：三五成群================17.谜题：5，10谜底：一五一十================18.谜题：1，2，3，4，5谜底：屈指可数================19.谜题：1，2，3，4，5，6，0，9谜底：七零八落================20.谜题：1，2，4，6，7，8，9，10谜底：隔三差五================21.谜题：2，3，4，5，6，7，8，9谜底：缺衣少食================22.谜题：7/8谜底：七上八下================23.谜题：2，4，6，8谜底：无独有偶================24.谜题：4，3谜底：颠三倒四================,0,1,1
213,4973778696929416,1870688711,福州大学,https://weibo.com/1870688711,2023年11月30日 14:11,福州大学超话,福州大学超话#福州大学##摄影#📸『原色』摄影展『当我们背负太多东西的时候，才逐渐明白回归本真生活的可贵』“生命中最难的阶段，不是没有人懂你，而是你不懂自己。”放下执念、截断忧虑，停下来，举起相机📸，拿起画笔🖍，探寻自然的本色🌈，归寻本我的“原色”，让我的人​展开,福州大学超话#福州大学##摄影#📸『原色』摄影展『当我们背负太多东西的时候，才逐渐明白回归本真生活的可贵』“生命中最难的阶段，不是没有人懂你，而是你不懂自己。”放下执念、截断忧虑，停下来，举起相机📸，拿起画笔🖍，探寻自然的本色🌈，归寻本我的“原色”，让我的人生重回我自己。📍有意向投稿参与摄影展的同学需在👊12月5日20点前，将你的照片（按要求重命名）发送到📬邮箱：fdxbsyb@163.com⚠️照片命名要求：学院＋名字＋照片名照片被选择展出的同学将获得🤩精心准备的纪念礼品🎁活动当天的现场还将进行📍［一笔一画挑战］趣味小游戏。每人在现场用🟥🟨🟦三种原色调出自己喜欢的颜色，并在画板上一人画一笔，共绘一幅七彩画卷🌈ps：凡参与者，均可获得定制绝美明信片💌！数量有限，先到先得⏰12月9日至12月10日福州大学旗山校区青春广场我们与你不见不散❤️～福州大学融媒体中心视觉传媒部宣言说的责任,3,4,12
214,4971740586836016,7485764484,全国高薪试药员招募,https://weibo.com/7485764484,2023年11月24日 23:13,nova7SE 5G你在焦点在,【福建14000】特应性皮炎（AD）患者招募补贴14000，多家中心（随时通知，就近安排）【研究药物】：AD-LNK01004软膏剂【治疗周期】：住院9天8晚（D-1~D8）D1和D7每天给药1次，D2~D6每天给药2次，用药7天后经评估可以用药至D14，最多可用药19次，周期21天；【患者获益】：补助14000（检查、用药治疗​展开,【福建14000】特应性皮炎（AD）患者招募补贴14000，多家中心（随时通知，就近安排）【研究药物】：AD-LNK01004软膏剂【治疗周期】：住院9天8晚（D-1~D8）D1和D7每天给药1次，D2~D6每天给药2次，用药7天后经评估可以用药至D14，最多可用药19次，周期21天；【患者获益】：补助14000（检查、用药治疗均免费）特殊检查：B超、新冠核酸、TB【入选标准】1、年龄≥18岁，男女即可；2、体重指数BMI＞19-26kg/m²3、给药后6小时内不可以清洗；4、筛选时特应性皮炎病史已满6个月，并符合特应性皮炎诊断标准；5、筛选前2周内无皮肤新发皮疹；6、非皮疹以糜烂、渗出为主的急性期特应性皮炎患者；7、目前无任何急性皮肤感染，无反复或慢性严重皮肤感染史；8、无任何活动性感染、无深静脉血栓、无动脉血栓、无肺栓塞；无其他慢性疾病史；无任何过敏史；出组满3个月；9、筛选前8周内无失血或献血≥200ml；10、无任何影响试验结果评价的全身性疾病或活动性的其它皮肤疾病（如银屑病、脂溢性皮炎、红斑狼疮），或在患处有瘢痕、先天性色素性皮肤病、纹身、明显色素沉着等；11、皮肤病变仅在头手足者不能参加；12、给药前4周内未使用过任何一种全身系统性治疗；13、给药前6个月内未使用过JAK抑制剂进行全身系统治疗；14、给药前2周内，未使用过任何AD局部治疗（润肤剂除外）；15、给药前4周内未接受过光疗（紫外线、日晒床或任何其他发光装置）；16、给药前3个月内未使用过任何生物制剂；17、给药前12周内无症状性带状疱疹感染史；18、筛选前4周内未接种任何活疫苗或减毒疫苗，研究期间无接种计划；【开展城市】：南京、福建、广州、山西#福州兼职##福州模特兼职##福州试药##福州大学#,0,0,0
215,4970267307675649,2784705681,大福合唱合唱团,https://weibo.com/2784705681,2023年11月20日 21:38,福州大学超话,各位看官，久等啦！福州大学学生合唱团版《声部介绍歌》终于和大家见面啦！当彩虹合唱碰见福州方言，会产生怎样的火花呢？快来看看是哪些福大的显眼包们，在自信满满秀方言和抛物线吧！《声部介绍歌》原唱：上海彩虹室内合唱团翻唱：福州大学学生合唱团指挥：刘林钰钢琴伴奏：郑薛宵​展开,各位看官，久等啦！福州大学学生合唱团版《声部介绍歌》终于和大家见面啦！当彩虹合唱碰见福州方言，会产生怎样的火花呢？快来看看是哪些福大的显眼包们，在自信满满秀方言和抛物线吧！《声部介绍歌》原唱：上海彩虹室内合唱团翻唱：福州大学学生合唱团指挥：刘林钰钢琴伴奏：郑薛宵#合唱团们在哪里##声部介绍歌##福州大学#福州大学超话彩虹合唱团超话上海彩虹室内合唱团超话大福合唱合唱团的微博视频,2,2,13
216,4963295172493564,3880574186,土澳大叔留学,https://weibo.com/3880574186,2023年11月01日 15:54,福州大学超话,您好，想问下你们这里可以办理澳洲哪些服务。#福州大学#双非一本网络工程。加权是85，pte@PTE易王炸还没考。硕士想申请计算机方面的专业（与硬件和py关联性低的比如人工智能排外），更加倾向于移民，所以想选好就业的。就业情况吧，还有计算机方面硕士有什么方向好滴私信帮你规划澳洲🇦🇺留​展开,您好，想问下你们这里可以办理澳洲哪些服务。#福州大学#双非一本网络工程。加权是85，pte@PTE易王炸还没考。硕士想申请计算机方面的专业（与硬件和py关联性低的比如人工智能排外），更加倾向于移民，所以想选好就业的。就业情况吧，还有计算机方面硕士有什么方向好滴私信帮你规划澳洲🇦🇺留学方案👌#澳洲大学##澳洲留学申请#福州大学超话#pte#,0,0,1
217,4961805845135487,6134311691,Silas_Chen,https://weibo.com/6134311691,2023年10月28日 13:16,Xiaomi 12S,#福州大学#65岁生日快乐！​,None,0,0,7
218,4961539850764716,7615642915,福建高校表白君,https://weibo.com/7615642915,2023年10月27日 19:39,OPPO随光而变R17,投稿你好，我目前福大研一，因为专业原因，和女生接触少，想通过墙来交友，喜欢健身画画电影，平常就是实验室健身房宿舍三点一线，生活比较简单，长得应该还行，五官端正，三观正，有腹肌，生活比较自律。希望女生善良大方就好，轻微颜控，合眼缘就好。#福建高校##研究生##福州大学#福州大学超话​展开,投稿你好，我目前福大研一，因为专业原因，和女生接触少，想通过墙来交友，喜欢健身画画电影，平常就是实验室健身房宿舍三点一线，生活比较简单，长得应该还行，五官端正，三观正，有腹肌，生活比较自律。希望女生善良大方就好，轻微颜控，合眼缘就好。#福建高校##研究生##福州大学#福州大学超话福州·福州大学,0,1,1
219,4961408265749131,6750661060,福州大学考研助手,https://weibo.com/6750661060,2023年10月27日 10:56,福大考研超话,福大考研超话#福州大学#福大考研超话#决战考研##24考研#2024考研网上确认时间已定！同学们要开始着手准备网上确认材料了，在规定时间内完成网上确认，否则无法参加考试！​,None,0,1,0
220,4960063593647294,3880574186,土澳大叔留学,https://weibo.com/3880574186,2023年10月23日 17:52,福州大学超话,您好咨询澳洲申请。#福州大学#&#爱尔兰国立梅努斯大学#中外合作中方软件工程爱方ComputerScience&SoftwareEngineering毕业。硕士想申请AIMLDSCSFC。想了解贵中介澳洲留学方案好滴私信帮你规划澳洲🇦🇺留学方案👌#澳洲留学##出国留学#福州大学超话​,None,0,0,1
221,4958635893723123,6750661060,福州大学考研助手,https://weibo.com/6750661060,2023年10月19日 19:19,福大考研超话,福大考研超话#福州大学#福州大学考研超话助力大家上岸福大！福大研招资讯和考研经验分享！今天给大家带来的是23、24计划名额对比​,None,0,0,1
222,4954902055357058,1806075013,皙fang,https://weibo.com/1806075013,2023年10月09日 12:02,iPhone客户端,为母校助力#福州大学#​,None,0,5,2
223,4952819948326931,7872299048,土五快乐生产车间,https://weibo.com/7872299048,2023年10月03日 18:09,OPPO Find X3 Pro,“六十五载谱华章，砥砺奋进新时代”“书墨南竹寄深情，福大春秋堪庆贺”2021级土木工程5班＆2022级日语4班22级日语4班团立项活动优秀投稿作品来啦，快来看看小哥哥小姐姐们创作的优美俳句吧俳句是由汉诗绝句在日本逐渐发展传播的一种短诗，福州大学65周年校庆将至，日语4班的同学们巧妙利用富有​展开,“六十五载谱华章，砥砺奋进新时代”“书墨南竹寄深情，福大春秋堪庆贺”2021级土木工程5班＆2022级日语4班22级日语4班团立项活动优秀投稿作品来啦，快来看看小哥哥小姐姐们创作的优美俳句吧俳句是由汉诗绝句在日本逐渐发展传播的一种短诗，福州大学65周年校庆将至，日语4班的同学们巧妙利用富有福大特色的独特意象，结合自己与福大的珍贵回忆，在俳句中表达了自己对福大的祝福期许，也定格了许多福大人才懂的珍贵瞬间让我们徜徉在优美的文字中，体会福大学子朝气蓬勃的精神风貌，感受福大校园风物万千的美丽景色，一起在校庆将至的喜悦中，传达我们心中的祝福吧@青春福大#福州大学#福州大学超话#日语##俳句#俳句超话日语超话,0,0,1
224,4952513306167830,5050820001,土澳大叔,https://weibo.com/5050820001,2023年10月02日 21:50,留学免费申iPhone 13 Pro,你好，我想咨询澳洲留学。你好，就是我自己申请了#澳洲国立大学#ANU的masteroffinancialmanagement项目，在付费之后，到现在都没有任何消息，想问一下我10月份还有机会录取吗？我背景是211#福州大学#均分80，目前已经毕业，雅思6.5（6）好滴私信帮你规划澳洲🇦🇺留学方案👌#雅思#​展开,你好，我想咨询澳洲留学。你好，就是我自己申请了#澳洲国立大学#ANU的masteroffinancialmanagement项目，在付费之后，到现在都没有任何消息，想问一下我10月份还有机会录取吗？我背景是211#福州大学#均分80，目前已经毕业，雅思6.5（6）好滴私信帮你规划澳洲🇦🇺留学方案👌#雅思##留学申请季#,0,0,1
225,4950973946530622,6068931106,动画境界线,https://weibo.com/6068931106,2023-09-29 19:20,华为手机,#闪灵##福州大学##安娜贝尔#拜托！我是在哄它睡觉！不是在对它施法！【拍照前】我要给小狗美美拍入睡照【回来看照片】什么现世版闪灵金天在教学楼碰到了这个小狗🐕，不知道它叫什么名，只知道它的外号是图书馆🐶哈哈哈哈哈超可爱的，喊它一句修勾就屁颠屁颠过来卧倒了#小狗#​展开,#闪灵##福州大学##安娜贝尔#拜托！我是在哄它睡觉！不是在对它施法！【拍照前】我要给小狗美美拍入睡照【回来看照片】什么现世版闪灵金天在教学楼碰到了这个小狗🐕，不知道它叫什么名，只知道它的外号是图书馆🐶哈哈哈哈哈超可爱的，喊它一句修勾就屁颠屁颠过来卧倒了#小狗##培养宝宝自主入睡##闪灵##安娜贝尔##福州大学#,0,0,0
226,4950736078376468,6378358891,NicholasEach,https://weibo.com/6378358891,2023年09月28日 00:08,微博轻享版,我很不理解为什么中秋国庆放假回家需要请假…想毕业的第n次！！还有这个校园网真的太垃圾太垃圾啦！#福州大学#​,None,0,5,4
227,4949482964258028,1639738197,如梦令Alice,https://weibo.com/1639738197,2023年09月24日 13:09,vivo X80,这条微博是关于最近喂的猫咪和狗狗#福州大学##校园生活##手机摄影#福州·福州大学​,None,0,0,7
228,4947029861598771,1050221395,木有瘦下来,https://weibo.com/1050221395,2023年09月17日 18:41,荣耀30 Pro+ 5G,耶耶耶，在学校真的让人放松#福州大学#福州大学超话​,None,0,2,4
229,4946532879305205,6750661060,福州大学考研助手,https://weibo.com/6750661060,2023年09月16日 09:46,福大考研超话,福大考研超话福州大学考研超话#福州大学##24考研##决战考研#9.16号考研预报名的考生信息填写通道就会开通，今天芝士学姐就手把手带大家过一遍流程，步骤非常详细，收藏住，到时候照着填就可以！同时，2024年福大招生目录和考试大纲也会在近期公布，学长也会第一时间给大家分析对比去年招生​展开,福大考研超话福州大学考研超话#福州大学##24考研##决战考研#9.16号考研预报名的考生信息填写通道就会开通，今天芝士学姐就手把手带大家过一遍流程，步骤非常详细，收藏住，到时候照着填就可以！同时，2024年福大招生目录和考试大纲也会在近期公布，学长也会第一时间给大家分析对比去年招生计划、考试科目、考试大纲的变动！超详细，照着填！考研预报名全流程填写攻略！,0,0,7
230,4942745090392449,6233734460,弥留生,https://weibo.com/6233734460,2023年09月05日 22:55,iPhone客户端,#福州大学#本年度最抽象拍摄作品：《浮大》福州·福大生活一区​,None,0,1,5
231,4941641514226397,5970535067,LABday3,https://weibo.com/5970535067,2023年09月02日 21:50,iPhone客户端,福州大学城#福州大学#​,None,0,0,1
232,4938557854843516,3391964240,微信号AAFZ33,https://weibo.com/3391964240,2023年08月25日 09:36,iPhone客户端,超省钱只要1699！全福州随便骑可报牌的新国标小小龟落地就可以直接开高亮度LED大灯充电器后视镜全套配齐还带智能遥控启动并且有一年保修哦每天都走好多台校园里上下课或者上下班周末逛街都很合适颜值超高耐骑耐用#闽院二手交易#@我在闽院暗恋你#福州校园##闽院二手交易#​展开,超省钱只要1699！全福州随便骑可报牌的新国标小小龟落地就可以直接开高亮度LED大灯充电器后视镜全套配齐还带智能遥控启动并且有一年保修哦每天都走好多台校园里上下课或者上下班周末逛街都很合适颜值超高耐骑耐用#闽院二手交易#@我在闽院暗恋你#福州校园##闽院二手交易#闽院树洞超话#闽院二手交易##福建师范大学##福州大学#福州·岐安福大学生街(溪源宫路),0,0,0
233,4938240954734019,6471642147,请别在这立fa典,https://weibo.com/6471642147,2023年08月24日 12:37,Android,#福州大学#啧，那么喜欢核废水自己去喝呀，怎么还留在中国上大学呀？​,None,0,0,1
234,4936537940164635,6836044194,高景力学,https://weibo.com/6836044194,2023年08月19日 19:50,iPhone客户端,福州大学24力学考研一本通#高景力学##24考研##福州大学#​,None,0,0,0
235,4931435235118481,6124266575,QSmallTooth,https://weibo.com/6124266575,2023年08月05日 17:54,iPhone客户端,日常超话怎么不全方位打卡一下#福州大学#龙岩·福建省龙岩第一中学​,None,0,0,6
236,4931127024816272,5050820001,土澳大叔,https://weibo.com/5050820001,2023年08月04日 21:29,iPhone 13 Pro,你好，我们这边是怎么申请澳洲学校的呀。#福州大学#211cs加权79无语言想申请悉尼澳国立这个分数稳吗。还有三个问题，1.我看悉尼有cs和cs高级，这两个有什么区别，哪个我可以减免学分到1.5年？2.悉尼1.5年总花费大概多少？3.我看悉尼cs下有分方向，什么数据科学软件工程都有，这个和#悉尼大学#​展开,你好，我们这边是怎么申请澳洲学校的呀。#福州大学#211cs加权79无语言想申请悉尼澳国立这个分数稳吗。还有三个问题，1.我看悉尼有cs和cs高级，这两个有什么区别，哪个我可以减免学分到1.5年？2.悉尼1.5年总花费大概多少？3.我看悉尼cs下有分方向，什么数据科学软件工程都有，这个和#悉尼大学#纯数据科学，软件工程专业有什么区别？我都可以申请吗？都可以减免学分吗？好滴私信帮你规划澳洲🇦🇺留学方案👌#留学澳大利亚##留学澳洲#,0,0,1
237,4930952633779606,6750661060,福州大学考研助手,https://weibo.com/6750661060,2023年08月04日 09:56,福大考研超话,福州大学考研超话#决战考研##福州大学##研究生#福大考研超话福州大学研究生超话福州大学超话【24考研】福州大学金融专硕|431金融学综合部分章节重难点梳理福州大学考研助手的微博视频​,None,0,1,0
238,4927043411644389,6750661060,福州大学考研助手,https://weibo.com/6750661060,2023年07月24日 15:02,福大考研超话,#研究生#福州大学考研超话福州大学研究生超话#福州大学##决战考研#2024考研超话福大考研超话【24考研】福州大学|电子信息866信号与系统前几章重难点梳理福州大学考研助手的微博视频​,None,0,1,0
239,4926978383415022,6750661060,福州大学考研助手,https://weibo.com/6750661060,2023年07月24日 10:44,福大考研超话,福州大学考研超话福州大学研究生超话#福州大学#福州大学超话福大考研超话#决战考研#2024考研超话【24考研】福州大学|821之物理化学前几章重难点梳理福州大学考研助手的微博视频​,None,0,1,2
240,4926917969445343,5585975028,程不静啊,https://weibo.com/5585975028,2023年07月24日 06:44,Xiaomi 13,大饼子录到福州大学啦耶耶耶想了四年的新疆现在正要去啦哇哇哇#福州大学##新疆#​,None,0,10,9
241,4925651091458005,1639738197,如梦令Alice,https://weibo.com/1639738197,2023年07月20日 18:49,vivo X80,听说看见彩虹的人都会变得幸运🌈#福州大学##彩虹#福州·福州大学​,None,0,1,5
242,4925221415685221,6750661060,福州大学考研助手,https://weibo.com/6750661060,2023年07月19日 14:22,福大考研超话,福州大学考研超话#研究生#福州大学研究生超话#福州大学#福大考研超话#决战考研#2024考研超话【24考研】福州大学|有机化学重难点福州大学考研助手的微博视频​,None,0,1,3
243,4924818475979434,7203542433,Errolpig,https://weibo.com/7203542433,2023年07月18日 11:41,HUAWEI P50E,一份菜才两块肉，剩下都是土豆，收我五块要不要脸福州大学超话#福州大学#福州·福州大学铜盘校区​,None,0,2,5
244,4924455517949126,6750661060,福州大学考研助手,https://weibo.com/6750661060,2023年07月17日 11:39,福大考研超话,福州大学考研超话福州大学研究生超话#福州大学#福州大学超话#决战考研#福大考研超话【24考研】福州大学|839微生物学前4章重难点福州大学考研助手的微博视频​,None,1,1,2
245,4924418310018093,7581440485,大绵无所有,https://weibo.com/7581440485,2023年07月17日 09:11,Redmi K50,#这个夏天多少得有点学生气#学生##福州大学#草坪音乐节福州·福州大学铜盘校区​,None,0,0,0
246,4924417942229414,7430934767,-Daisssy,https://weibo.com/7430934767,2023年07月17日 09:09,iPhone客户端,##这个夏天多少得有点学生气##福州大学#​,None,0,0,13
247,4923098442239474,6020539936,鬼火果果会画画,https://weibo.com/6020539936,2023年07月13日 17:46,iPad Pro,#福州大学#我暑假本来有很多计划现在被打乱了，请你延迟开学把我的暑假补给我​,None,0,2,10
248,4922225608361049,5405544435,小刘爱吃鱼nie,https://weibo.com/5405544435,2023年07月11日 07:58,vivo手机,你真死了军训还天天停水#福州大学#福州·福州大学铜盘校区​,None,0,2,3
249,4918820290691799,5209003899,Jakho·,https://weibo.com/5209003899,2023-07-06 17:20,iPhone客户端,上岸啦#福州大学#​,None,2,66,198
250,4919749215523555,7513268052,王道计算机考研教育,https://weibo.com/7513268052,2023年07月04日 11:58,微博视频号,【双非跨考211，一战上岸福大AI！】23计算机考研经验帖新鲜出炉啦~今天这位学长本科双非信管专业，专业第一，成功跨考福州大学人工智能专业！一起来看看他的备考经历吧！#23考研##计算机考研##上岸##考研经验##福州大学##人工智能##跨考#王道计算机考研教育的微博视频​,None,2,0,5
251,4919672962811544,3880574186,土澳大叔留学,https://weibo.com/3880574186,2023年07月04日 06:55,留学免费申iPhone 13 Pro,您好，我想咨询一下明年2月、7月#悉尼大学#和新南的研究生申请。#福州大学#本科毕业国际经济与贸易专业（211）本科，意向专业：悉尼大学MOC、国际商务（如果可以减免到一年的话）；新南金融、MOC；暂无语言成绩好滴私信帮你规划澳洲🇦🇺留学方案👌#澳洲留学##研究生#​,None,0,0,1
252,4918015302570448,5385166430,Telorypca-,https://weibo.com/5385166430,2023-07-03 13:27,iQOO Neo5 生而为赢,一封等了很久的来信#福州大学##录取通知书#​,None,0,67,128
253,4919131445134022,5245094563,我一定会好好吃饭_nut,https://weibo.com/5245094563,2023年07月02日 19:03,川川的iPhone客户端,耶😀#福州大学##录取通知书##研究生录取通知书#易烊千玺超话聊城​,None,0,8,12
254,4918047321623377,1265518314,永平法硕李志勇学长,https://weibo.com/1265518314,2023年06月29日 19:15,微博网页版,2022年法律竞赛高光时刻：1、#中国政法大学#，在ICC国际赛中勇夺世界亚军，刷新了中国大陆高校最好成绩。2、#中南财经政法大学#勇夺理律杯亚军和Jessup中国赛区季军。3、#西南政法大学#，斩获“国浩杯”全国大学生模拟法庭竞赛、“信实杯”全国大学生模拟法庭辩论赛和中国WTO模拟法庭竞赛三项赛事的​展开,2022年法律竞赛高光时刻：1、#中国政法大学#，在ICC国际赛中勇夺世界亚军，刷新了中国大陆高校最好成绩。2、#中南财经政法大学#勇夺理律杯亚军和Jessup中国赛区季军。3、#西南政法大学#，斩获“国浩杯”全国大学生模拟法庭竞赛、“信实杯”全国大学生模拟法庭辩论赛和中国WTO模拟法庭竞赛三项赛事的最高成绩。4、#南京大学#，在“理律杯”40支参赛队中脱颖而出，最终问鼎全国冠军。5、#北京大学#，拿下贸仲杯和国际人道法模拟法庭两项冠军。#北京大学国际法学院#（STL），作为独立队伍参赛也多次取得不凡成绩。6、#上海交通大学#以总积分全国第一夺得了2022年Jessup中国赛区的亚军。7、#汕头大学#，一路过关斩将，最终将2022年Jessup中国赛区全国冠军及团体一等奖收入囊中。8、#福州大学#，在堪称“神仙打架”的理律杯竞赛中获得了全国季军的好成绩。,4,0,5
255,4918001541582908,6029248458,Marathonpro,https://weibo.com/6029248458,2023年06月29日 16:13,nova4自拍极点全面屏,福袋录取通知书到啦上岸不是结局，是新的开始呐～福州大学考研超话#福州大学##考研#​,None,0,7,1
256,4917615296777357,1639738197,如梦令Alice,https://weibo.com/1639738197,2023年06月28日 14:38,vivo X80,我今天有什么不一样嘛～#校园生活##福州大学##大学生活#福州·福州大学(旗山校区)经济与管理学院​,None,1,11,21
257,4917184621184356,6871884934,人生指蓝,https://weibo.com/6871884934,2023年06月27日 10:07,iPhone客户端,拍啊拍调研也不忘记拍地点：左海公园，去的路上#早餐##福州大学##每日一图#​,None,0,1,5
258,4916545287359004,2085288910,福州大学建筑学院团委学生会,https://weibo.com/2085288910,2023年06月25日 15:46,iPhone客户端,#防范非法集资##福建##福州大学#,None,3,0,0
259,4916491932142440,7615642915,福建高校表白君,https://weibo.com/7615642915,2023年06月25日 12:14,OPPO随光而变R17,我是福州大学准研究生，男，净身高181，体重164，业余爱好喜欢健身，唱歌和游戏。个人声音很磁性，唱歌非常好听，经常被人说是播音主持。期望在研究生期间遇见一位身高165➕，乐观开朗、爱笑的女孩子。（最好是同校，两人一起进步）外在偏好皮肤白以及身材好的女孩子。乐于与你一起谋划未来。谢谢。​展开,我是福州大学准研究生，男，净身高181，体重164，业余爱好喜欢健身，唱歌和游戏。个人声音很磁性，唱歌非常好听，经常被人说是播音主持。期望在研究生期间遇见一位身高165➕，乐观开朗、爱笑的女孩子。（最好是同校，两人一起进步）外在偏好皮肤白以及身材好的女孩子。乐于与你一起谋划未来。谢谢。#福建高校##福州大学##福州#,0,0,0
260,4916438455026454,6378358891,NicholasEach,https://weibo.com/6378358891,2023年06月25日 08:42,微博轻享版,#福州大学#想知道丁香园门口的瓷砖归谁管呀？能不能修补一下今天路过这里狠狠的被崴了一下，提醒同学们路过这里注意一点​,None,0,2,4
261,4913422313194761,6285378380,零桐梓OO,https://weibo.com/6285378380,2023年06月17日 00:57,iPhone客户端,#福州大学#军训还有反转的可能吗孩子真的好想早点回家​,None,0,1,6
262,4912596001492400,5702435726,aurora_anti,https://weibo.com/5702435726,2023-06-15 18:06,vivo X80 Pro,#福州大学军训#sbsbsbsbsbsbsbsbsbbsbsbssbbsbsbsbsbsbsbsbsbsbsbsbsbsbsbsbsbs不想多说🙃🙃🙃🙃🙃#福州大学#​,None,0,0,21
263,4912515215528009,5880820494,Hhyo_49,https://weibo.com/5880820494,2023-06-15 12:06,iPhone客户端,#福州大学#占用学生暑假时间是特别好的招生简章​,None,0,8,52
264,4912541522988665,6343170679,清风明月问江河,https://weibo.com/6343170679,2023-06-15 11:06,nova6SE好看拍出来看,#福州大学##福州大学军训#​,None,0,3,26
265,4912528007889484,7743050889,镜中瞬,https://weibo.com/7743050889,2023-06-15 01:02,荣耀畅玩20,一个是星期一发的一个是星期三发的#福州大学军训##福州大学#@福州大学朝令夕改的游戏好玩吗？​,None,2,4,54
266,4912603350959410,6042379049,杨桃味芝芝摇摇奶昔,https://weibo.com/6042379049,2023-06-15 00:19,iPhone客户端,昨天还因为xxw和rq的瓜兴奋的睡不着ok今天直接给我来个暑假军训的消息#福州大学#​,None,0,0,17
267,4912659689114559,7775166908,拾起碎花,https://weibo.com/7775166908,2023年06月14日 22:26,iQOO 9 未来电竞旗舰,#福州大学#下辈子狗都不来，真把学生当特种兵呢​,None,0,0,23
268,4912520903525090,7399302906,低筋比格犬,https://weibo.com/7399302906,2023-06-14 18:38,华为畅享20 Pro,#福州大学军训##福州大学#福州专科你让我感到恶心​,None,2,1,57
269,4912516586541570,6020539936,鬼火果果会画画,https://weibo.com/6020539936,2023-06-14 17:57,vivo S17 Pro,#福州大学#轻则死亡重则尸变​,None,0,0,23
270,4912566298741035,6274869062,华不完根本华不完,https://weibo.com/6274869062,2023年06月14日 16:15,vivo X80,#福州大学#求求来个反转​,None,0,0,4
271,4912564486279557,6042379049,杨桃味芝芝摇摇奶昔,https://weibo.com/6042379049,2023年06月14日 16:08,iPhone客户端,#福州大学#你猜为什么要放暑假​,None,0,0,5
272,4912544077054173,6285378380,零桐梓OO,https://weibo.com/6285378380,2023-06-14 15:33,iPhone客户端,#福州大学#有什么方法可以免训吗这个学校一天也待不下去了把我们当猴玩吗机票买了现在说改时间军训赔钱啊#福州大学#​,None,0,3,22
273,4912518298342179,7743050889,镜中瞬,https://weibo.com/7743050889,2023-06-14 14:56,荣耀畅玩20,#福州大学##福州大学军训#你有本事朝令夕改，有本事承担学生的经济损失吗？​,None,0,0,19
274,4912539387822983,7562823762,几口海苔苔,https://weibo.com/7562823762,2023年06月14日 14:28,iPhone客户端,#福州大学军训##福州大学##高温天气#福州·福州大学​,None,0,0,16
275,4912517131799673,5759154783,布谷鸟说不咕,https://weibo.com/5759154783,2023-06-14 14:20,微博轻享版,#福州大学#福州大学，你现在是真的死了一定要注意自己的言行举止你不知道有多少眼睛盯着你看着你出错我知道你是很真性情的学校也希望你能保持这份直率但你更要严格要求自己谨言慎行起到尸体的表率作用这样才能更好似​,None,0,3,30
276,4912519627412000,5880820494,Hhyo_49,https://weibo.com/5880820494,2023-06-14 14:16,iPhone客户端,#福州大学#谁提议谁同意谁军训​,None,1,1,25
277,4912517609947708,6600497164,我不爱吃饭啦啦啦,https://weibo.com/6600497164,2023-06-14 14:09,iPhone客户端,#福州大学#666啊每次都拿放假耍学生​,None,0,0,15
278,4912528410806499,6091117200,0午夜伤感大蟑螂0,https://weibo.com/6091117200,2023年06月14日 13:45,iPhone客户端,#福州大学#小烧学，是不是半年没骂你了浑身发痒？没关系爸爸这就用大举报嘲烂你​,None,0,0,8
279,4912520094026449,5625219515,前夫坟前挑大粪,https://weibo.com/5625219515,2023-06-14 13:40,Redmi K50,#福州大学#我愿称之为唯一一款可以跟猿神相媲美的游戏​,None,1,2,19
280,4912515802728777,5984232246,7nel_,https://weibo.com/5984232246,2023-06-14 13:23,iPhone客户端,福大你好样的，本来放假就晚又提前开学，你还搞个军训暑假就一个月，真的6#福州大学#​,None,2,1,67
281,4912519880116268,6235832072,温悦infinity,https://weibo.com/6235832072,2023年06月14日 13:11,OPPO Find X3,#福州大学##福州生活#,None,0,0,12
282,4911522435830673,6579078549,是篮球呀i,https://weibo.com/6579078549,2023年06月11日 19:07,福州大学超话,福友阁的荷花儿开了龙舟上的朋友和我打招呼，谢谢，哈哈哈福州大学超话#福州大学#福州·福州大学​,None,0,1,16
283,4911148585189399,7298701118,虾米在拍照,https://weibo.com/7298701118,2023年06月10日 18:22,福州约拍超话,《毕业季》|📸：@虾米在拍照“我们的征途是星辰大海”宁德约拍超话福州约拍超话#毕业照##福州大学##毕业写真#​,None,0,1,2
284,4908642908243969,1639738197,如梦令Alice,https://weibo.com/1639738197,2023年06月03日 20:25,vivo X80,"来人文学院领了个奖这次过后真的就和剧组的每一个人说再见啦很感谢这段特殊又珍贵的经历祝愿我们每一个人今后拥有无限美好的未来！#感谢经历##福州大学##无论如何,感谢经历##美好祝愿#福州·福州大学​",None,0,0,6
285,4905743137901373,7397298810,ChemLRQ123,https://weibo.com/7397298810,2023年05月26日 20:22,微博视频号,高考超话#高考加油##福州大学#高考和《梦返》更配哦又是一年招生季，欢迎大家报考福州大学闽台合作项目泉州·福州大学晋江校区ChemLRQ123的微博视频​,None,1,4,2
286,4905624171188679,1030100110,星星吹进风里,https://weibo.com/1030100110,2023年05月26日 12:30,iPhone客户端,福州大学你最好是知道暑假为什么叫暑假#福州大学#福州·福州大学铜盘校区​,None,0,1,9
287,4904531714114913,5717675588,-李梨梨,https://weibo.com/5717675588,2023年05月23日 12:09,iPhone客户端,视觉传达设计的展览发不完发不完！再接一条，拍了好多！！啊啊啊啊#视觉传达设计毕业设计##福州大学#厦门·福州大学厦门工艺美术学院​,None,1,2,5
288,4904531416318578,5717675588,-李梨梨,https://weibo.com/5717675588,2023年05月23日 12:07,iPhone客户端,接上条微博，福大视觉传达设计的展览！太好看了呜呜呜#视觉传达设计##视觉传达设计毕业设计##福州大学##毕业展览#厦门·福州大学厦门工艺美术学院​,None,0,1,3
289,4904530858740068,5717675588,-李梨梨,https://weibo.com/5717675588,2023年05月23日 12:05,iPhone客户端,去看福大视觉传达的展览，有几个真的好看！一整个被惊艳到了（一条微博放不下，下条接上！）#视觉传达##福州大学##毕业展览#厦门·福州大学厦门工艺美术学院​,None,0,1,1
290,4904185135104470,5717675588,-李梨梨,https://weibo.com/5717675588,2023年05月22日 13:11,iPhone客户端,今年的国画系毕业展览来啦！！真的好好看啊啊啊#福州大学##毕业展览##带你看展览#厦门·福州大学厦门工艺美术学院​,None,0,0,2
291,4902025882240452,5717675588,-李梨梨,https://weibo.com/5717675588,2023年05月16日 14:11,iPhone客户端,福大树莓系大三的社会实践作品展览，有几个真的很不错👍#社会实践##福州大学##带你看展览#厦门·福州大学厦门工艺美术学院​,None,0,1,1
292,4900671968513042,7567261094,诺客财富,https://weibo.com/7567261094,2023年05月12日 20:31,iPhone客户端,5月10日，第十届ASC世界大学生超级计算机竞赛总决赛在中国科学技术大学落下帷幕。经历了持续五天的激烈角逐，在福州大学廖祥文教授和吴运兵副教授的悉心指导下，教练助理苏艺淞的帮助下，由计算机与大数据学院陈少峰、柯婧、姜前辰、张清宇、林卢希等本科生组成的福州大学超算代表队荣获总决赛一等奖，​展开,5月10日，第十届ASC世界大学生超级计算机竞赛总决赛在中国科学技术大学落下帷幕。经历了持续五天的激烈角逐，在福州大学廖祥文教授和吴运兵副教授的悉心指导下，教练助理苏艺淞的帮助下，由计算机与大数据学院陈少峰、柯婧、姜前辰、张清宇、林卢希等本科生组成的福州大学超算代表队荣获总决赛一等奖，这也是福州大学超算代表队自2018年以来连续第四次获得世界大学生超算总决赛一等奖，取得了历史性突破。#中国大学生计算机设计大赛#福州大学超话#福州大学#（信息来源：福州大学微信公众号）,0,2,1
293,4893405987210727,6991567276,知行音乐考研,https://weibo.com/6991567276,2023年04月22日 19:19,知行音乐考研超话,知行音乐考研超话23音乐考研｜知行陈同学｜福州大学上岸经验贴💐考研：只要下定了决心，就要全力以赴‼️是一场孤独的奋战，也是一场沉默的狂欢🔥#福州大学#​,None,0,0,0
294,4892639897323045,5418921936,法律硕士万满意,https://weibo.com/5418921936,2023年04月20日 16:35,法硕超话,法硕超话福州大学法硕复试反馈[拥抱]导师一定要更早联系#法硕##舌尖法硕##福州大学##福大#​,None,0,0,1
295,4892621979519276,1639738197,如梦令Alice,https://weibo.com/1639738197,2023年04月20日 15:24,vivo X80,雅思口语✓#福州大学##雅思##福建师范大学#福州·福建师范大学仓山校区​,None,1,10,9
296,4890027093397871,1360609271,星星-夜空中最亮的那个,https://weibo.com/1360609271,2023年04月13日 11:32,iPhone客户端,#空姐飞机上推销商品长达40分钟#“我没坐过飞机”………这人是不是以为廉价航空像公交车，一元一次？而且说他小学生逻辑也没啥问题——我瞧不起绿皮车售卖东西，瞧不起的是买东西的人，而不是绿皮车上辛苦的乘客。所以，没双标啊！这啥啥是同一件事啊！这道理，会说话的人都能理解吧！很难吗？​展开,#空姐飞机上推销商品长达40分钟#“我没坐过飞机”………这人是不是以为廉价航空像公交车，一元一次？而且说他小学生逻辑也没啥问题——我瞧不起绿皮车售卖东西，瞧不起的是买东西的人，而不是绿皮车上辛苦的乘客。所以，没双标啊！这啥啥是同一件事啊！这道理，会说话的人都能理解吧！很难吗？但愿福州大学#福州大学#以后能够发展得更好，有所进步。现在贵校门槛实在是……嗯……你就看这……高么？@福州大学你自己看，我真没眼看。。。,0,1,0
297,4889122441269588,1639738197,如梦令Alice,https://weibo.com/1639738197,2023年04月10日 23:38,vivo X80,福建夏天到来时的仪式感#福州大学#福州大学超话#夏天即将到来##特别期待夏天的到来##期待夏天的晚风##已经开始期待夏天了#福州·福州大学旗山校区风雨操场​,None,2,6,11
298,4888738137904451,5947333508,全球校园诗歌奖,https://weibo.com/5947333508,2023年04月09日 22:11,None,#全球华语校园诗歌奖#入围作品4号:福州大学沈德炳《我只想认真地过完今天》#福州大学#​,None,0,1,3
299,4888695855648481,2823745314,十三加二十,https://weibo.com/2823745314,2023年04月09日 19:23,iPhone客户端,夏日来信📨想快点去旅游了！#福州大学#​,None,0,0,5
300,4886086897896025,6493640696,My_turn-,https://weibo.com/6493640696,2023年04月02日 14:35,小米10 至尊纪念版,姐考完了，姐明天就回大连了，姐回大连之后就去沈阳看cba，姐很好:福大真的好漂亮，校园那么大！！福州的街道很好看的，有缘会再见的。#福州大学#​,None,0,4,5
301,4885062002416512,3880574186,土澳大叔留学,https://weibo.com/3880574186,2023年03月30日 18:43,留学免费申iPhone 13 Pro,你好，想申请留学，请问可以先咨询一下吗？你好，我本人是，#福州大学#本科是广播电视学，均分80，但是现在还没有语言成绩，pte@PTE易王炸备考中。请问要是今年想申英国的话是不是很难申请到了呢？要是申请澳洲的s2还来得及吗？好滴私信帮你规划英国🇬🇧澳洲🇦🇺留学方案👌#澳洲留学#​展开,你好，想申请留学，请问可以先咨询一下吗？你好，我本人是，#福州大学#本科是广播电视学，均分80，但是现在还没有语言成绩，pte@PTE易王炸备考中。请问要是今年想申英国的话是不是很难申请到了呢？要是申请澳洲的s2还来得及吗？好滴私信帮你规划英国🇬🇧澳洲🇦🇺留学方案👌#澳洲留学##曼彻斯特大学##留学#,0,0,1
302,4884675599011311,5418921936,法律硕士万满意,https://weibo.com/5418921936,2023年03月29日 17:07,法硕超话,法硕超话23年福州大学法硕复试名单，法硕法学法硕非法学各刷15人，非全日制有调剂法硕法学83-68=15法硕非法学62-47=15切线328相比安徽大学，海南大学，福大没爆#福州大学##福大##法硕##舌尖法硕#​,None,1,3,16
303,4883938601079507,5418921936,法律硕士万满意,https://weibo.com/5418921936,2023-03-28 23:40,法硕超话,法硕超话福建师范大学法硕复试通知这缺的人有点猛啊我有大量真题，免费送，我建个群，之前福师大的群没怎么用了，小满承诺之前几年从用此盈利，今年也不会#法硕##舌尖法硕##福建师范大学##福州大学#​,None,4,65,32
304,4881757172402205,6866310471,AoWoO嗷呜,https://weibo.com/6866310471,2023年03月21日 15:51,索尼超话,是多久没在这个春天出门走走了。宝子，是不是要一起出门拍照了？索尼超话莆田超话索尼超话#福州大学##校园生活#福州​,None,0,0,4
305,4878560009915698,2784705681,大福合唱合唱团,https://weibo.com/2784705681,2023年03月12日 20:06,福州大学超话,3/12本学期第一次排练，准备校际联欢福州大学超话#福州大学学生合唱团##福州大学#福州·福州大学大福合唱合唱团的微博视频​,None,1,1,4
306,4878467978496058,1639738197,如梦令Alice,https://weibo.com/1639738197,2023年03月12日 14:01,vivo X80,第一次献血有点害怕所以表情有点好玩#献血##无偿献血##福州大学#福州·福州大学​,None,0,4,5
307,4878156311300548,5050820001,土澳大叔,https://weibo.com/5050820001,2023年03月11日 17:22,留学秒答疑iPhone 13 Pro,你好我是#福州大学#本科专业音乐学。211。网排不知道。目前80分。毕业时能到80。雅思还没考。硕士想申请艺术，音乐类专业。学的这项专业其他专业不考虑好滴私信帮你规划澳洲🇦🇺留学方案👌#留学##澳洲留学##硕士#​,None,1,0,1
308,4875978067149416,5180516859,JUU-JUU,https://weibo.com/5180516859,2023年03月05日 17:07,小米10 Pro,和朋友们的每一天都很开心！！#泉州##福州大学##周末去哪儿##说走就走的旅行#​,None,0,1,2
309,4875573790770353,7622984244,志在启航考研,https://weibo.com/7622984244,2023年03月04日 14:20,微博网页版,报录比丨福州大学（2022考研数据）#考研##考研复试##考研择校择专业##报录比##福州大学#​,None,2,0,4
310,4875179660935425,5050820001,土澳大叔,https://weibo.com/5050820001,2023年03月03日 12:14,留学秒答疑iPhone 13 Pro,你好！前几天以为没加上。是这样的我是英语专业的，#福州大学#211，均分82，想申墨尔本或者#悉尼大学#的一年制的专业，可以吗？但是听说一年制的只有悉尼大学的教育学，需要开一年的工作证明好滴私信帮你规划澳洲🇦🇺留学方案👌#澳洲留学##留学申请#​,None,0,0,1
311,4874913074124352,5197273144,qiajiezkj,https://weibo.com/5197273144,2023年03月02日 18:35,iPhone客户端,光与影模仿@郭城安老师郭哥怎么那么牛逼😤#福州大学##摄影#摄影超话福州·福州大学​,None,1,3,15
312,4872374330065403,5534391742,夜色有点张爱玲,https://weibo.com/5534391742,2023年02月23日 18:27,iPhone客户端,微风不燥，阳光正好。福州大学火山地质公园的梅花已绽放。花香引来了蜜蜂，也引来了绣眼鸟，绘就成一幅生机勃勃，鸟语花香的早春画卷～#梅花#绣眼鸟#福州大学#校园风光#春天夜色有点张爱玲的微博视频​,None,0,1,1
313,4870936064695614,2540716824,Myf-伟,https://weibo.com/2540716824,2023年02月19日 19:11,华为Mate40保时捷设计,福州大学游一圈，后悔没上大学#福州大学#福州·福州大学​,None,0,2,5
314,4869207169172570,7370549919,Li_Prunella,https://weibo.com/7370549919,2023年02月15日 00:41,社会学考研超话,社会学考研超话#24考研##福州大学#如图，出社会学资料，还有自己整理的在WPS图中没放适用于——刘少杰，风笑天，郑杭生，贾春增，袁方，另有福州大学23最新详细真题，其他资料(还有听momo辅导班补充的，在纸质资料上，需要的话可免费拍给你哦)如果有其他问题，可以长期随时联系​,None,0,30,5
315,4866498831583395,3391964240,微信号AAFZ33,https://weibo.com/3391964240,2023年02月07日 13:19,iPhone客户端,新车二手大放价，开学季，需要二手电动车的可以联系闽院树洞超话@我在闽院暗恋你#电动车##福州大学#@农大跳蚤市场@福建农林大学学生会福州·东百城-永嘉天地​,None,0,3,0
316,4858603758424567,7733647866,鱼小硕通信土木考研加油站,https://weibo.com/7733647866,2023年01月16日 18:27,微博视频号,主讲人：黄学长，福州大学土木专业直系学长，初试总分340＋，专业课107，当年专业课最高分，学长非常认真负责，耐心，掌握最新的数据，最新的复习方法，专业课复试资料齐全，熟悉复试流程和重难点，导师最新研究方向，能够帮助同学们有针对性地高效复习，最后复试超常发挥，稳上岸福州大学！！​展开,主讲人：黄学长，福州大学土木专业直系学长，初试总分340＋，专业课107，当年专业课最高分，学长非常认真负责，耐心，掌握最新的数据，最新的复习方法，专业课复试资料齐全，熟悉复试流程和重难点，导师最新研究方向，能够帮助同学们有针对性地高效复习，最后复试超常发挥，稳上岸福州大学！！#福州大学##土木工程##考研复试#鱼小硕通信土木考研加油站的微博视频,0,0,0
317,4855267437839462,2512278425,考研吕忠泽老师,https://weibo.com/2512278425,2023年01月07日 13:30,2023考研超话,福州大学凌晨12点发布了23考研复试安排，这么卷吗？#福州大学##考研复试##吕忠泽#2023考研超话青岛·青岛大学​,None,1,0,0
318,4849446493363426,6617957427,法硕资料小王子,https://weibo.com/6617957427,2022年12月22日 12:00,微博视频号,753.医生劝老头不要在电梯里抽烟，老头心脏病发作去世了的案例（2019）754.爷爷奶奶有无探望权（2019）755.如何理解法律关系主体及其构成要件？具体展开谈一谈。（2020）756.绑架中实施抢劫怎么定罪（2019）757.过于自信的过失和间接故意的区别？（2016）758.民事法律关系的构成要素？（2015）75​展开,753.医生劝老头不要在电梯里抽烟，老头心脏病发作去世了的案例（2019）754.爷爷奶奶有无探望权（2019）755.如何理解法律关系主体及其构成要件？具体展开谈一谈。（2020）756.绑架中实施抢劫怎么定罪（2019）757.过于自信的过失和间接故意的区别？（2016）758.民事法律关系的构成要素？（2015）759.谈谈你对《民法总则》的看法啊？（2018）760.物权的异议登记（2015）2023年福州大学法硕历年复试真题、2022年福州大学法律硕士复试历年真题、2021年福州大学法硕非法学、法硕法学复试#福州大学#福州大学超话福州·福州大学#福州大学超话##法硕##法律硕士#法硕超话法硕超话法律硕士超话法硕资料小王子的微博视频,1,0,1
319,4848339374575861,1639738197,如梦令Alice,https://weibo.com/1639738197,2022年12月19日 10:40,vivo X80,还是回家好呀～虽然买机票都过程很波折～不过也刚刚好赶在福州变冷的时候回到温暖的家里啦！家里的饭真好吃呀！做梦都想不到会在十二月回家！福州大学超话#福州大学##回家##放假#大庆​,None,0,2,2
320,4847278344372851,3592041447,看过蘇打綠演唱会的女人,https://weibo.com/3592041447,2022年12月16日 12:24,OPPO Find X3 Pro,#福州大学#为什么放假还要封校，真的很无语啊​,None,0,0,8
321,4846286173634642,6114348992,小璐璐仔v,https://weibo.com/6114348992,2022年12月13日 18:42,iPhone客户端,#福州大学#真的无语到了人少还等封？​,None,0,6,6
322,4846279194315125,7198125229,支支吾无,https://weibo.com/7198125229,2022年12月13日 18:14,iPhone客户端,福大最后的深情男大(纪念一下没想着要考研时的心情和想到自己要考研时的心情)#考研#福州大学超话#福州大学##卷子给它撕咯#​,None,0,0,5
323,4846013179769361,7115503162,Nieel_啊,https://weibo.com/7115503162,2022年12月13日 00:37,iPhone客户端,#福州大学#反转一晚上​,None,0,0,5
324,4845995890050075,7496373848,香菇脆好难吃,https://weibo.com/7496373848,2022年12月12日 23:28,iPhone客户端,#福州大学#厦工艺呢？厦工艺呢？厦工艺呢？我们就是孤儿是吧……​,None,0,1,15
325,4845986004340304,5448357550,当公主好难3,https://weibo.com/5448357550,2022年12月12日 22:49,nova7你在焦点在,#福州大学#所以是16号前让大家都回家了吗​,None,0,0,3
326,4845985636026661,1003350494,钢珠气泡水,https://weibo.com/1003350494,2022年12月12日 22:47,Android,#福州大学#啥情况啥情况啥情况​,None,0,4,4
327,4845983328642186,6309018025,立志做志焄nim的狗,https://weibo.com/6309018025,2022年12月12日 22:38,荣耀50 5G,#福州大学#怎么回事啊家人们什么情况了​,None,0,9,15
328,4845973371882817,6373261129,nn_ivy,https://weibo.com/6373261129,2022年12月12日 21:59,Note 9,#福州大学#如何做一个正常人，我们都知道正常人，下面就让小编来告诉你，如何做一个正常人，首先就是要坚持不懈，然后呢也不要忘记半途而废，我们都知道半途而废，像很多人都是半途而废，所以相信大家已经知道如何做正常人了，下面我们就一起试试吧​,None,0,0,1
329,4845962864886942,7524678006,平平无奇小王柴,https://weibo.com/7524678006,2022年12月12日 21:17,iPhone客户端,#福州大学#到底是谁在替我岁月静好​,None,1,3,36
330,4764693207453300,6583534166,乔乔学姐呀,https://weibo.com/6583534166,2022年05月02日 15:00,福州大学超话,制作明晚838管理学讲座的ppt昨天群里太乱了，解释半天依然没有解释清楚明晚的838管理学讲座打算先给大家科普一下，各个书籍的样子，还有对应的各种别称，然后再让学长学姐分享经验。不然学长学姐经验讲了半天，大家还是不知道什么对应什么福州大学超话​展开,制作明晚838管理学讲座的ppt昨天群里太乱了，解释半天依然没有解释清楚明晚的838管理学讲座打算先给大家科普一下，各个书籍的样子，还有对应的各种别称，然后再让学长学姐分享经验。不然学长学姐经验讲了半天，大家还是不知道什么对应什么福州大学超话福州大学考研超话#福州大学##福州大学考研##838管理学#,0,0,0
331,4763550255678178,6583534166,乔乔学姐呀,https://weibo.com/6583534166,2022年04月29日 11:19,福州大学超话,【打假】虚假低质资料|福大考研专业课避坑指南——视频帮助大家避坑，并且有实例分析了一种现在市场上流通的【福大838管理学】资料，大家一定要擦亮眼睛!#福州大学考研##福州大学#考研资料五大坑总结如下：1.官方指定，唯一授权，唯一指定除了考纲上明确写出来的指定资料，没有任何资料会是官​展开,【打假】虚假低质资料|福大考研专业课避坑指南——视频帮助大家避坑，并且有实例分析了一种现在市场上流通的【福大838管理学】资料，大家一定要擦亮眼睛!#福州大学考研##福州大学#考研资料五大坑总结如下：1.官方指定，唯一授权，唯一指定除了考纲上明确写出来的指定资料，没有任何资料会是官方指定2.内部押题卷根本不可能有，真的有并且让你获得了那就是违法行为，售出资料的个人及其导师都将负法律责任。但凡看到一定是假的。万一真的是从导师那里获得的，如果是在校生，那一定会对导师有影响。即使有，一般不可能是在校生敢做的事儿。3.尽量不要找机构，推荐找直系学长学姐。机构:第一，性价比更高，第二，也会去找学长学姐，同样的情况下，会对直接找自己的学长学姐更用心，第三，机构负责人不会辨别质量，乔乔自己之前就待过这样的机构，只有我们完成任务就行，完全凭良心。➡️多在各个平台看一看4.内容齐全且准确。齐全:比如，官方指定了3本书，资料只有1本书的内容。➡️购买时可以通过查看目录、拿到手检查目录、抽查内容。准确:表述准确参考书是唯一的标准。表述要和参考书一致，稍微的修改是允许的。➡️拿到手抽查内容5.排版细节。错别字，标点符号，字号大小，行距字距。如果在最简单的资料排版上都不愿意用心，连表面功夫都不愿意下，那么在资料的内容和质量上更不可能了。福州大学超话福州大学考研超话福大乔乔学姐的微博视频,0,7,6
332,4761227052188711,6092312356,贪贪加油,https://weibo.com/6092312356,2022年04月23日 01:27,HUAWEI P40 5G,记录新宠——玫瑰园铁板板（便宜大份黑胡椒汁）满足封校对大菜的需求——老农夫（毛血旺青椒炒鸡蛋金汤田鸡好好吃www我可以连炫两大碗米饭）夏天清淡口——鸭汤粉丝（汤很像我家楼下那家冬粉老店，一定要加芹菜啊啊啊）新尝试——永嘉小吃街的烤生蚝（终于能接受烤生蚝了！！！之前一口都不敢​展开,记录新宠——玫瑰园铁板板（便宜大份黑胡椒汁）满足封校对大菜的需求——老农夫（毛血旺青椒炒鸡蛋金汤田鸡好好吃www我可以连炫两大碗米饭）夏天清淡口——鸭汤粉丝（汤很像我家楼下那家冬粉老店，一定要加芹菜啊啊啊）新尝试——永嘉小吃街的烤生蚝（终于能接受烤生蚝了！！！之前一口都不敢碰）强推餐饮店——经管院办的乐乎咖（快快快冲！！便宜好喝真的很绝啊用料都很用心，价格也很美丽，wsl打钱）夏天必备——永嘉的暮雪亭（这个就不用多介绍了吧）垃圾站旁边的miumiu，贼拉帅旁边小路的小狗狗，还没我脚大嘎嘎可爱黏人好ruarua完狗狗看到的太阳#福州大学#福州·福州大学,0,2,5
333,4758483570000364,2093084353,罪责人生,https://weibo.com/2093084353,2022年04月15日 11:45,福州大学超话,福州大学超话福州大学超话福州这么多高校就眼看着这么多学生的诉求置之不理吗？？不解封是不是也应该告诉学生原因啊？？所有高校学生每天过着迷茫的日子，什么都不知道，通通蒙在鼓里，不是这里问小道消息就是那里问小道消息，预估一下什么时候解封再告诉学生个准信有这么难吗？？到时候如果有​展开,福州大学超话福州大学超话福州这么多高校就眼看着这么多学生的诉求置之不理吗？？不解封是不是也应该告诉学生原因啊？？所有高校学生每天过着迷茫的日子，什么都不知道，通通蒙在鼓里，不是这里问小道消息就是那里问小道消息，预估一下什么时候解封再告诉学生个准信有这么难吗？？到时候如果有变化再通知学生又不是不能理解，好歹让学生有个盼头不是？#福州大学解封##福州大学##福建高校陆续解封#upupupupup,0,9,43
334,4757571318055128,6278391501,用户6278391501,https://weibo.com/6278391501,2022年04月12日 23:20,福州大学超话,福州大学超话今日不发声，明日无人听。真的很希望能够解封，福州已经持续低风险很久了，如果不能做到整个学校都闭环管理，那么只让学生不出校有什么意义呢?1持续封在校内真的很难受，福大有那么多个校区并不是每一个校区都像旗山本部那样大那样有山有水，有各种餐厅店铺，有其他可以消遣的方式​展开,福州大学超话今日不发声，明日无人听。真的很希望能够解封，福州已经持续低风险很久了，如果不能做到整个学校都闭环管理，那么只让学生不出校有什么意义呢?1持续封在校内真的很难受，福大有那么多个校区并不是每一个校区都像旗山本部那样大那样有山有水，有各种餐厅店铺，有其他可以消遣的方式，身边的部分同学已经出现了不同程度心理、情绪上的问题。2即使已经线下，有些同学的就医需求仍然得到阻碍。辅导员层层加码，阻碍同学出校进行校内医务室无法满足的就医需求，在年段群内阴阳怪气「最近牙疼的人多了起来，请大家三思」，请问辅导员同志，你是否有考虑过校内的医疗资源真的无法满足?3如果不能解封，我还想在请问，为什么需要进行繁琐的晚点名?学生都在校内，为什么还需要进行学生本人签字的晚点?晚点时间不前不后导致哪也不能去，为什么我十点一定要在宿舍内?既然已经封校学生还能去哪?而且今日校园也有晚点名的功能，想请问，如此多余是为何!福州大学超话福州大学超话#福州大学#,0,0,52
335,4757433522585884,5674235778,是阿坚啊喂,https://weibo.com/5674235778,2022年04月12日 14:13,福州大学超话,今日不发声，明日无人听。真的很希望能够解封，福州已经持续低风险很久了，如果不能做到整个学校都闭环管理，那么只让学生不出校有什么意义呢?1持续封在校内真的很难受，福大有那么多个校区并不是每一个校区都像旗山本部那样大那样有山有水，有各种餐厅店铺，有其他可以消遣的方式，身边的部分同学已​展开,今日不发声，明日无人听。真的很希望能够解封，福州已经持续低风险很久了，如果不能做到整个学校都闭环管理，那么只让学生不出校有什么意义呢?1持续封在校内真的很难受，福大有那么多个校区并不是每一个校区都像旗山本部那样大那样有山有水，有各种餐厅店铺，有其他可以消遣的方式，身边的部分同学已经出现了不同程度心理、情绪上的问题。2即使已经线下，有些同学的就医需求仍然得到阻碍。辅导员层层加码，阻碍同学出校进行校内医务室无法满足的就医需求，在年段群内阴阳怪气「最近牙疼的人多了起来，请大家三思」，请问辅导员同志，你是否有考虑过校内的医疗资源真的无法满足?3如果不能解封，我还想在请问，为什么需要进行繁琐的晚点名?学生都在校内，为什么还需要进行学生本人签字的晚点?晚点时间不前不后导致哪也不能去，为什么我十点一定要在宿舍内?既然已经封校学生还能去哪?而且今日校园也有晚点名的功能，想请问，如此多余是为何!福州大学超话#福州大学#福州,8,84,764
336,4755448752505536,2674001453,李南竹_Lee,https://weibo.com/2674001453,2022年04月07日 02:46,iPhone客户端,星夜福友阁封校期间的神奇尝试！前段时间刷到大佬的故宫角楼银河，发现城市星空确实有意思～银河穿过波尔特六级暗空，在30千米能见度的空气中，与人类文明的产物出现在同一画面。没有UHC/Lpro滤镜，就只能长曝光+堆栈天空：ISO200F2.015s赤道仪跟踪，108张堆栈，累计曝光1620s地面：关闭赤道​展开,星夜福友阁封校期间的神奇尝试！前段时间刷到大佬的故宫角楼银河，发现城市星空确实有意思～银河穿过波尔特六级暗空，在30千米能见度的空气中，与人类文明的产物出现在同一画面。没有UHC/Lpro滤镜，就只能长曝光+堆栈天空：ISO200F2.015s赤道仪跟踪，108张堆栈，累计曝光1620s地面：关闭赤道仪ISO500F2.28s灯光：ISO100F2.01/3sILCE-7RBCF改机，三阳351.4，小嘎叽赤道仪于福州大学旗山校区福友阁#福州大学##风光摄影##csva每日星图##微博摄影大赛#@福州大学@星联CSVA福州·福州大学,0,0,8
337,4754621370733038,5418921936,法律硕士万满意,https://weibo.com/5418921936,2022年04月04日 19:58,法硕超话,法硕超话福州大学法学院2022年硕士研究生招生复试调剂公告法硕法学31人非全日制非法学23人法硕法学全日制：调剂生复试名单按以下规则确定：（1）第一批次：申请者第一志愿报考院校为2017年教育部全国第四轮学科评估法学一级学科评估结果为A+（2所）、A（5所）、A-（7所）、B+（14所）高校​展开,法硕超话福州大学法学院2022年硕士研究生招生复试调剂公告法硕法学31人非全日制非法学23人法硕法学全日制：调剂生复试名单按以下规则确定：（1）第一批次：申请者第一志愿报考院校为2017年教育部全国第四轮学科评估法学一级学科评估结果为A+（2所）、A（5所）、A-（7所）、B+（14所）高校，按初试总分由高到低排列；（2）第二批次：申请者第一志愿报考院校为前列高校之外其他高校，按初试总分由高到低排列。#福州大学##福大##舌尖法硕##法硕#,0,1,3
338,4753567824480088,5418921936,法律硕士万满意,https://weibo.com/5418921936,2022年04月01日 22:12,法硕超话,法硕超话学长你好！冒昧打扰了我想咨询您，今年福大法本法硕调剂多少分够呀？真的很焦虑，所以冒昧打扰您啦现在很多学校都有这个名额，核心的点应该是提前打电话确认，不打电话确认，直接就上去报，其实是很危险的，因为一旦锁住你就没有其他更多的选择了官方消息没有出来之前​展开,法硕超话学长你好！冒昧打扰了我想咨询您，今年福大法本法硕调剂多少分够呀？真的很焦虑，所以冒昧打扰您啦现在很多学校都有这个名额，核心的点应该是提前打电话确认，不打电话确认，直接就上去报，其实是很危险的，因为一旦锁住你就没有其他更多的选择了官方消息没有出来之前，其他的消息只能是一个参考，权威的还是打电话，尽管可能接听你的可能也比较少#法硕##舌尖法硕##福州大学##福大#,0,0,3
339,4753206888633596,5418921936,法律硕士万满意,https://weibo.com/5418921936,2022年03月31日 22:18,法硕超话,法硕超话福州大学，法硕复试今天结束了，特别照顾考生，听说都很稳啊，今年报考福大的学生确实有福了，毕竟有福之州嘛今年，很多福建兄弟院校来报考福大，去年的一志愿有被刷掉而招收调剂生的情况，今年这样的情况没有了，复试完的同学不用担心，小满提前恭喜了​展开,法硕超话福州大学，法硕复试今天结束了，特别照顾考生，听说都很稳啊，今年报考福大的学生确实有福了，毕竟有福之州嘛今年，很多福建兄弟院校来报考福大，去年的一志愿有被刷掉而招收调剂生的情况，今年这样的情况没有了，复试完的同学不用担心，小满提前恭喜了#福州大学##福大##法硕##舌尖法硕#,1,9,11
340,4742209582662005,5050820001,土澳大叔,https://weibo.com/5050820001,2022年03月01日 13:58,留学秒答疑iPhone 13 Pro,嗨，您好，可以跟您咨询一下澳洲留学的事情吗？。我本科和硕士都是工科背景，想申请澳洲社工硕士。您可以推荐一下不需要社工背景的大学吗？有衔接课程也可以。本科211#福州大学#毕业平均分80，硕士985，专业均为自动化。雅思还没考。硕士意向澳洲社工硕士。没有意向学校，只要学校接受没有社工背景的学​展开,嗨，您好，可以跟您咨询一下澳洲留学的事情吗？。我本科和硕士都是工科背景，想申请澳洲社工硕士。您可以推荐一下不需要社工背景的大学吗？有衔接课程也可以。本科211#福州大学#毕业平均分80，硕士985，专业均为自动化。雅思还没考。硕士意向澳洲社工硕士。没有意向学校，只要学校接受没有社工背景的学生就可以，可以参加桥梁课程，冷门专业也可，要容易留澳工作拿pr。请问您了解哪些学校的社工专业可以接受没有社工背景的学生？雅思成绩要求？麻烦您啦好滴私信帮你规划澳洲🇦🇺留学方案👌#澳洲留学##南澳大学#,0,5,1
341,4738270133225441,3287192130,研创考研酱Oo,https://weibo.com/3287192130,2022年02月18日 17:04,小米手机,考研越来越“卷”，考研人数日益剧增，再战考生比例增大。有些同学有985/211名校情结，对手提早准备；更有一些同学准备跨专业考研，专业基础知识零碎，基础薄弱。在家备考效率低，消息闭塞，压力大难排解等等，这些都是备考路上的绊脚石，耽误又是一年！​展开,考研越来越“卷”，考研人数日益剧增，再战考生比例增大。有些同学有985/211名校情结，对手提早准备；更有一些同学准备跨专业考研，专业基础知识零碎，基础薄弱。在家备考效率低，消息闭塞，压力大难排解等等，这些都是备考路上的绊脚石，耽误又是一年！合肥研创考研寄宿自习室，吃住学一体化，洗衣房、健身房、篮球场、乒乓球台、超市、快递、打印店，给你提供专注、科学的学习生活环境。#福建师范大学##福州大学#,0,0,0
342,4714406317916862,1265518314,永平法硕李志勇学长,https://weibo.com/1265518314,2021年12月14日 20:38,HUAWEI Mate 10 Pro,【福大法学：主要影响力是在福建】从科研基地看，#福州大学#法学院拥有“地方法制建设研究中心”、“环境与资源立法评估中心”、“教育立法与咨询服务中心”3个省级社科基地，有省“大学生校外实践教育基地”、“省研究生教育创新基地”2个省级实践基地：立足东南服务区域法治建设——访福州大学法学院院长黄辉|法学院。附图：黄辉院长​展开,【福大法学：主要影响力是在福建】从科研基地看，#福州大学#法学院拥有“地方法制建设研究中心”、“环境与资源立法评估中心”、“教育立法与咨询服务中心”3个省级社科基地，有省“大学生校外实践教育基地”、“省研究生教育创新基地”2个省级实践基地：立足东南服务区域法治建设——访福州大学法学院院长黄辉|法学院。附图：黄辉院长。,1,0,1
343,4713714937497199,7615642915,福建高校表白君,https://weibo.com/7615642915,2021年12月12日 22:51,福建高校表白君超话,福州大学男99巨蟹座170/70kg毕业国企老家湖北武汉现在福州工作性格开朗爱运动爱笑逗比一个，会打游戏，不抽烟不喝酒不去酒吧不搞暧昧。看感觉吧想找一个三观一样的女孩子。#脱单##福州##福州大学#福建高校表白君超话福州​,None,0,0,0
344,4710703425916001,6572059465,福州室友,https://weibo.com/6572059465,2021年12月04日 15:24,福州租房交流超话,福州租房交流超话@社会性死亡单机号#福州租房交流##福州大学#独立卫浴，带宽带的公寓，独门独户出租，无中介费！！！房间适合刚毕业的朋友租房地址：福州市台江区五一中路187号泊寓大利嘉店交通：楼下就是公交车站【汽车站（工贸中心）】，边上还有地下通道，出行返程都很方便，边上还有汽车​展开,福州租房交流超话@社会性死亡单机号#福州租房交流##福州大学#独立卫浴，带宽带的公寓，独门独户出租，无中介费！！！房间适合刚毕业的朋友租房地址：福州市台江区五一中路187号泊寓大利嘉店交通：楼下就是公交车站【汽车站（工贸中心）】，边上还有地下通道，出行返程都很方便，边上还有汽车南站，地铁的话离地铁一号线二号线的距离都差不多价格：我是年签的价格差不多1400左右，水费是5元/吨。电费：0.55元/度。公寓配套：独立卫浴、宽带、床、桌椅，还有一个公区，公区是有厨房的，可以下去做饭，还有台球桌跑步机啥的联系方式：17605007012，我的微信和手机号是一样的，需要的戳我，谢谢,0,1,4
345,4709962956408187,2369475071,福州大学融媒体中心视觉传媒部,https://weibo.com/2369475071,2021年12月02日 14:22,福州大学超话,福州大学超话📷『慢•漫』摄影展🏙现代生活节奏越来越快，不管是否情愿，生活总在催促我们迈步向前。人们整装，启程，跋涉，步履碌碌，🚶我们或许因日落停足🌅，为路边的木槿花而驻足观看🌸，借助光与电记录这时美好☄，在按下快门时📸，生活漫了下来，也浪漫起来。🌈停留片刻​展开,福州大学超话📷『慢•漫』摄影展🏙现代生活节奏越来越快，不管是否情愿，生活总在催促我们迈步向前。人们整装，启程，跋涉，步履碌碌，🚶我们或许因日落停足🌅，为路边的木槿花而驻足观看🌸，借助光与电记录这时美好☄，在按下快门时📸，生活漫了下来，也浪漫起来。🌈停留片刻，人间处处是美好。💎💡有意向投稿参与摄影展出的同学可🍒在2021年12月6日20点🍒前，将你的照片（按要求命名）发送到邮箱：fdxbsyb@163.com。💡照片命名要求：学院+名字+作品⏰12月11日至12月12日福州大学青春广场我们与你不见不散~PS：在活动当天，现场的参与者可领取明信片一张（限量200张），照片被展出者还有精美小礼品噢～🎀福州大学全媒体中心视觉传媒部宣#福州大学##摄影#,2,0,10
346,4709755102954882,2484563077,你猜我是哪个没烦恼小朋友,https://weibo.com/2484563077,2021年12月02日 00:36,福州大学超话,#福州大学#福州大学超话我笑不出来​,None,0,1,2
347,4709622185725233,2214835335,亚当手绘,https://weibo.com/2214835335,2021年12月01日 15:48,微博 weibo.com,发布了头条文章：《2022#福州大学#艺术设计/美术考研解析》#考研如何选择院校和专业#艺术设计考研超话#福州大学艺术设计考研#2022#福州大学#艺术设计/美术考研解析​,None,1,0,2
348,4708948978174225,2356334202,Steady61,https://weibo.com/2356334202,2021年11月29日 19:13,iPhone客户端,今天天气真好#福州大学#​,None,0,0,5
349,4702424604871314,2111688083,福州大学微博协会,https://weibo.com/2111688083,2021年11月11日 19:07,iPhone 12,今天运动会第一天完美结束，我们一起期待明天运动员们的精彩表现吧～#福州大学校运会##福州大学#​,None,0,0,2
350,4700536564091586,7702410795,福大心动便利店,https://weibo.com/7702410795,2021年11月06日 14:05,iPhone客户端,【心动便利店&光彩创咖】线下营业公告：时间：11月6日（今晚）19:30-22:00地点：福大一区大学生素质拓展中心（光彩创咖）欢迎过来创咖边看比赛边找爱情～现场有大屏幕和位置可以看英雄联盟总决赛！！！EDG冲鸭！🐮#福州大学#福州大学超话福州·福州大学​,None,0,1,3
351,4698497129644131,5644741038,福建高校那点事,https://weibo.com/5644741038,2021年10月31日 23:01,福建高校那点事超话,#福州大学#学生反映：宿舍热水器排出的水很浑浊…福建高校那点事超话​,None,0,3,8
352,4697376121949571,7702410795,福大心动便利店,https://weibo.com/7702410795,2021年10月28日 20:46,iPhone客户端,🏪［心动便利店&建设银行]—《线下营业公告》：时间：10月29日（明晚）18:00-20:30地点：生活一区建行门口（9号楼邮政旁）欢迎大家过来“取对象”哦～#校园生活##福州大学##福大心动便利店#福州·福州大学(旗山校区)福大心动便利店的微博视频​,None,1,4,8
353,4697067446864631,7702410795,福大心动便利店,https://weibo.com/7702410795,2021年10月28日 00:20,iPhone客户端,🌙今日份心动话题：什么样的女孩会受男生喜欢呢？福州大学超话#福州大学##福大心动便利店#福州·福州大学福大心动便利店的微博视频​,None,0,0,1
354,4696196830464254,6738597777,这里是校园,https://weibo.com/6738597777,2021年10月25日 14:40,微博视频号,#福州大学六十三周年校庆#福州大学，福州第一学府，省内仅次于厦门大学～（视频：iUniversity）#福州大学#校园咨询君的微博视频​,None,0,0,2
355,4696196323741143,1943349535,校园咨询君,https://weibo.com/1943349535,2021年10月25日 14:38,微博视频号,#福州大学六十三周年校庆#福州大学，福州第一学府，省内仅次于厦门大学～（视频：iUniversity）#福州大学#校园咨询君的微博视频​,None,7,11,68
356,4547512461173289,5890410331,南雨吹,https://weibo.com/5890410331,2020年09月10日 07:42,vivo手机,#福州大学##福州大学周耀东#好恶心好恶心，学校也是不把同学和老师命当回事。​,None,2,13,36
357,4547259960925043,2326123641,C_沛辰V,https://weibo.com/2326123641,2020年09月09日 14:58,iPad mini4,分享一张学校照片📱原相机#福州大学##天气即天意#福州·福州大学土木工程学院​,None,0,15,10
358,4546650104398178,7468062510,_何生__,https://weibo.com/7468062510,2020年09月07日 22:35,iPhone客户端,你就是你不一样的你#福州大学##福州身边事#福州·东二环泰禾广场​,None,0,0,0
359,4546584874846123,6036081029,土味Fresh美少女LL宅宅,https://weibo.com/6036081029,2020年09月07日 18:16,叶夫人的Android,时隔一个月，我的通知书终于到了今天到校门口激动到流鼻血#福州大学#​,None,0,13,5
360,4546235845842051,2326123641,C_沛辰V,https://weibo.com/2326123641,2020年09月06日 19:09,iPad mini4,炎热过后的傍晚，吃过晚饭，吹点小风，还是很舒服的#福州大学##福州大学城#福州·福州大学​,None,0,3,10
361,4545855539911305,6023373016,Ls13NotFounded,https://weibo.com/6023373016,2020年09月05日 17:58,iPhone客户端,她来了她来了她带着红红火火丑不拉几的通知书走来了#福州大学#​,None,0,0,1
362,4544837904247365,2835496300,我哩个曹,https://weibo.com/2835496300,2020年09月02日 22:34,iPhone SE,#福州大学#道德不在录取原则里，是这样么？美国·HarvardUniversity我哩个曹的微博视频​,None,61,34,74
363,4544812713515238,5979492041,Pupu3510,https://weibo.com/5979492041,2020年09月02日 20:54,nova4自拍极点全面屏,我心中的家乡——家乡的美食大田武陵烤兔#共绘新时代点赞新家乡##八闽青春献祖国##福州大学#​,None,0,2,4
364,4544423302794137,5521347934,蘑菇Ding,https://weibo.com/5521347934,2020年09月01日 19:06,OnePlus 6T,每个人都有属于自己的一片森林，也许我们从来不曾走过，但它一直在那里，总会在那里。摄影：@蘑菇Ding图虫摄影师超话#福州写真#福州约拍超话#福州大学##日系##森系##情绪写真#​,None,0,43,15
365,4544363042967659,2331979123,雅力山大大,https://weibo.com/2331979123,2020年09月01日 15:07,iQOO Pro 5G性能旗舰,#教育部回应部分高校一刀切封闭管理#福州大学的一些做法是在令人嘘嘘，枉顾在校学生实际需求，以为一刀切把学生放在学校内，就算是万事如意了，学生顶着炎热天气，透过门缝取快递，学校领导难道没有想着帮忙解决一下学生需求吗？现在校外人员在学校随处可见，夏令营学生。希望学校体察民情，多为学生实​展开,#教育部回应部分高校一刀切封闭管理#福州大学的一些做法是在令人嘘嘘，枉顾在校学生实际需求，以为一刀切把学生放在学校内，就算是万事如意了，学生顶着炎热天气，透过门缝取快递，学校领导难道没有想着帮忙解决一下学生需求吗？现在校外人员在学校随处可见，夏令营学生。希望学校体察民情，多为学生实际需要考虑。知道去教室慰问一下老师，在公众号宣传出来，就更应该关心学生#福州大学##福州大学实行封闭管理##教育部回应部分高校一刀切封闭管理##教育部回应部分高校一刀切封闭管理##教育部回应部分高校一刀切封闭管理##教育部回应部分高校一刀切封闭管理##教育部##教育部#,2,8,65
366,4544286957518985,2859901900,啷个李舸啷,https://weibo.com/2859901900,2020年09月01日 10:05,微博视频号,拿快递排着队拿着爱的号码牌仿佛在机场等一艘船从昨天等到今天#福州大学#啷个李舸啷的微博视频福州·福州大学​,None,0,10,41
367,4543906199641086,6331750186,我们的夏天未完待续,https://weibo.com/6331750186,2020年08月31日 08:52,荣耀10青春版,#福州大学#事情过去这么久了，这个学校一句话也没有，“缩头乌龟”已经不足以形容它了，看到评论里有一很形象的词语“扶周大学”这个学校就是在等热度慢慢过去呢，果然有关系的就是不一样​,None,0,1,0
368,4543518113268726,5330736620,酷冯的小屁狗,https://weibo.com/5330736620,2020年08月30日 07:09,HUAWEI P30 Pro,#福州大学##准研究生虐狗事件狗主人发声##自称北大博士后网红奇葩言论评准研究生虐狗#周耀东开除了么​,None,0,0,17
369,4543213853226789,5507883897,小悦悦有只柚子阿拉,https://weibo.com/5507883897,2020年08月29日 11:00,小米10,#福州大学#福州大学直接从23开始就不发微博了诶也是，不如装作不知道的好,None,0,3,4
370,4542807441673496,2331979123,雅力山大大,https://weibo.com/2331979123,2020年08月28日 08:05,iQOO Pro 5G性能旗舰,#教育部回应部分高校一刀切封闭管理##福州大学实行封闭管理##福州大学#,None,1,1,8
371,4542589066019769,2331979123,雅力山大大,https://weibo.com/2331979123,2020年08月27日 17:38,iQOO Pro 5G性能旗舰,#福州大学##福州大学实行封闭管理##教育部回应部分高校一刀切封闭管理#该做一些改变了,#教育热点话题#【#教育部回应部分高校一刀切封闭管理#】8月27日，教育部应对新冠肺炎疫情工作领导小组办公室主任王登峰对部分高校一刀切“封闭管理”进行回应：新版《秋冬季新冠肺炎疫情防控技术方案（更新版）》有两个主要内容：一严格做好校门管控，二学生非必要不外出。“这既不是封闭式管理，也不是不准出来。同时，高校教职工要与学生同等管理，一视同仁。此外，对于十一假期学生能否外出离校，需要各地各校因地制宜，反对一刀切。”（光明日报全媒体记者陈鹏）,0,1,4
372,4542284647109227,5846243172,林宇鑫x,https://weibo.com/5846243172,2020年08月26日 21:28,荣耀10 AI变色更潮美,与五十岁福大老前辈的对话#福州大学#​,None,0,4,17
373,4542195405956419,5276142694,M_Ra1n,https://weibo.com/5276142694,2020年08月26日 15:33,福州大学超话,福州大学超话#福州大学#怎么风头过了吗？周耀东？​,None,0,20,172
374,4542027256300432,1741801053,哈鱼苦水,https://weibo.com/1741801053,2020年08月26日 04:25,iPhone客户端,心小……容天下之事：赏天下之美、心境空灵美自意会、修行实则修心，它只需要一个能够信任与愿意理解的人；感情不需要诺言！#福州大学#泰安·范家灌庄村​,None,0,1,1
375,4541737039569985,1350723714,桉珀,https://weibo.com/1350723714,2020年08月25日 09:12,iPhone客户端,你们虐狗的人开除了吗？每日一问？#福州大学#,None,0,0,6
376,4541444498654340,3275124562,密探先生,https://weibo.com/3275124562,2020年08月24日 13:50,HUAWEI P40 Pro 5G,#福州大学回应准研究生疑虐狗#还能让他进来嘛？？？？#福州大学#想想看！！！​,None,0,0,4
377,4541441949571611,5290666508,卫星10612673,https://weibo.com/5290666508,2020年08月24日 13:39,微博 weibo.com,夫妻吵架互不相让，最后丈夫勃然大怒说：“你快滚！把所有属于你的东西都带走！”妻子流着泪收拾好自己的行李，又把一只大麻袋往丈夫身边一扔说：“你钻进去！”丈夫吃了一惊，急问：“你要干什么？”“你也是属于我的，快钻进去！”妻子向丈夫吼道。。。d29d3#福州大学#​,None,0,48,20
378,4541437510681401,1943349535,校园咨询君,https://weibo.com/1943349535,2020年08月24日 13:22,微博视频号,#福州大学回应准研究生疑虐狗#准研究生虐狗事件女主人讲述经过，表示不忍有案底影响对方前程。有网友指出涉事者疑福州大学学生，福州大学回应：正在核实身份。#福州大学#校园咨询君的微博视频​,None,7,36,116
379,4541280627720502,2281533701,知齐所以然_松弛版,https://weibo.com/2281533701,2020年08月24日 02:58,HUAWEI Mate 10 Pro,气到我浑身发抖！#福州大学##福州大学周耀东#必须开除虐狗畜牲！,【#准研究生虐狗事件狗主人不接受道歉#：我给过他机会，现在过了原谅期】8月22日，福建厦门准研究生借宿朋友家虐狗致重伤的事件引起广泛关注。狗主人谢女士表示，事发后虐狗男子曾打电话向她道歉，但谢女士表示，她曾给过该男子机会，现在原谅他的期限已经过了。#准研究生虐狗事件狗主人发声#@漩涡视频网页链接,1,0,14
380,4541207276949904,6386113150,Etomidateee,https://weibo.com/6386113150,2020年08月23日 22:07,iPhone客户端,#准研究生虐狗事件狗主人不接受道歉#周耀东为福州大学的拟录取研究生，那必须慎重考虑其是否符合招生简章中“报考条件”里“品德良好、遵纪守法”的要求。#福州大学#​@福州大学@福州大学@福州大学​,None,3,5,153
381,4541194190722459,6591405688,李hyunA,https://weibo.com/6591405688,2020年08月23日 21:15,iPhone客户端,#准研究生虐狗事件狗主人不接受道歉#真的是丢研究生的脸！可以不爱，但是请不要伤害不要接受道歉！凭什么要接受道歉！希望得到应有的惩罚！自己做的事情需要对自己负责！#福州大学#希望每一只小宝贝🐶🐱都能遇到爱它们的主人，它们的世界只有你❤️呼和浩特​,None,0,0,1
382,4541193587534863,3275124562,密探先生,https://weibo.com/3275124562,2020年08月23日 21:13,HUAWEI P40 Pro 5G,#福州大学#周耀东这种人，没必要进入福州大学吧，官方给个回应呗，看能不能进​,None,0,3,27
383,4541151811747522,3260673190,御司命,https://weibo.com/3260673190,2020年08月23日 18:27,HUAWEI Mate 20 Pro,周耀东的父母是怎么养的，同样是垃圾怎么没有人渣过滤器什么人都能当人了大渣生小渣建议到这代就绝育吧研究生别上了也不怕危害社会呕#准研究生借宿朋友家虐狗致重伤##周耀东##福州大学#​,None,2,0,99
384,4541134175471313,1679218487,簇拥烈日_的花,https://weibo.com/1679218487,2020年08月23日 17:16,iPhone客户端,#周耀东##福州大学#同寝室的要注意了，这么虐打一只狗。。对人说不定也会下狠手。。​,None,1,0,118
385,4541130831823653,3275124562,密探先生,https://weibo.com/3275124562,2020年08月23日 17:03,HUAWEI P40 Pro 5G,#福州大学#内部消息：周耀东的家住在哪里！！​,None,0,4,20
386,4541129405497677,3275124562,密探先生,https://weibo.com/3275124562,2020年08月23日 16:58,HUAWEI P40 Pro 5G,#福州大学#这种人，留案底了，也活该！！！以后对待老婆，孩子，家人，是不是也要大大出手​,None,0,0,1
387,4541127866977684,5911443763,大屁崩子,https://weibo.com/5911443763,2020年08月23日 16:51,iPhone客户端,#福州大学#这人是返祖了么？身为最高级动物连爱心都没。猿猴也能去学校了么？那我想去当研究生教师，就专门拿着皮鞭和铜锣训这个猴猴🐒​,None,0,1,1
388,4541074288940177,3275124562,密探先生,https://weibo.com/3275124562,2020年08月23日 13:19,HUAWEI P40 Pro 5G,#福州大学#周耀东！！！！！我其他的记不住​,None,0,0,51
389,4541064482659028,1717213552,真杨晓明,https://weibo.com/1717213552,2020年08月23日 12:40,微博搜索,#福州大学#最近福州大学很火，比天气还热，官方尚未有回应​,None,0,2,10
390,4541057155736510,3275124562,密探先生,https://weibo.com/3275124562,2020年08月23日 12:10,HUAWEI P40 Pro 5G,#准研究生多次殴打博美致坐骨断裂##福州大学#福州大学土木工程学，硕士，周耀东！！！！！这样的人，你们还敢要？？？？？@福州大学​​​,None,0,0,6
391,4541055053339550,3677284605,月光与猫猫猫,https://weibo.com/3677284605,2020年08月23日 12:02,iPhone客户端,#准研究生借宿朋友家虐狗致重伤#热搜撤了就再来，畜生一定要有个交代！#福州大学#,None,2,1,12
392,4541047068173837,5951551830,剔了刺的鱼,https://weibo.com/5951551830,2020年08月23日 11:30,OPPO随光而变R17,#福州大学#大多数网友都没骂学校呀只是网上太复杂了，总有那么一些浑水摸鱼挑事的。别上升我们所有人🙏​,None,0,3,9
393,4541046387651042,2642763025,__时遇__,https://weibo.com/2642763025,2020年08月23日 11:28,iPhone客户端,#福州大学#@福州大学我就想问什么时候有结果？人家当宝贝这位同学一口一个畜生这素质，配考上研究生？不能平等对待每一个生物吗？狗狗不是一条命吗？​,None,0,1,12
394,4541044979142828,1425483553,朋友首日封ql,https://weibo.com/1425483553,2020年08月23日 11:22,iPhone客户端,“我福大单身狗，单身狗届巅峰的存在，严厉谴责周某的行为，反对周某入校就读”#福州大学#​,None,1,10,25
395,4541041195881303,2942564141,老少年家的土豆,https://weibo.com/2942564141,2020年08月23日 11:07,Android,#福州大学#我真的服了有些人，居然说不应该剥夺虐狗人读研的机会，毕竟是很辛苦考的！我就问，让这种人和你一个宿舍一个班级，你怎么想？到时候你都不知道为何惹到他，他暴躁打人，你怎么死的都不知道吧！而且研究生录取，不只考察你专业知识，还考察你各方面是否优秀，要不要面试干嘛？​,None,0,110,155
396,4541039555394332,1146073467,鹤6912,https://weibo.com/1146073467,2020年08月23日 11:01,华为畅享 10S,#福州大学#现在网络暴民们对周进行网爆的情形，和周虐打博美时的情形有区别吗？本质一类人罢了。谁也别鄙视谁。​,None,0,73,184
397,4541038419251463,5092015723,6292750vv,https://weibo.com/5092015723,2020年08月23日 10:56,贺繁星iPhone客户端,#福州大学#这个周耀东有暴力倾向吧？真可怕，怜爱要和他做室友的同学们，也为他的未来伴侣担心​,None,0,3,96
398,4541038342974766,7397145252,日暮秋烟1,https://weibo.com/7397145252,2020年08月23日 10:56,你送我一个Android,#福州大学#不应该是大家骂他这个人嘛，广大网友怎么转移注意力骂学校呢?要骂也骂他的本科院校，教出了什么人渣啊，千万别来福大，福大还有很多可爱小狗勾，别来祸害福大的小朋友​,None,0,1,0
399,4541037249300088,3565390632,Deprogramming,https://weibo.com/3565390632,2020年08月23日 10:51,iPhone 11,#福州大学#好比一个男的和女朋友订完婚然后人们发现这个男的很渣后狂喷他这个未婚妻？？​,None,0,55,188
400,4541036485681901,1873985041,没事就种种蘑菇,https://weibo.com/1873985041,2020年08月23日 10:48,HUAWEI Mate 30,#福州大学#不应该是网友纷纷提醒福大的学生小心开学后学校有个危险人物，注意保护自己；福大的学生纷纷抵制他入学吗……现在是网友们希望福大不让他入学，福大学生骂网友​,None,0,18,65
401,4541030709333627,5213184861,_去追一只鹿,https://weibo.com/5213184861,2020年08月23日 10:25,荣耀20 PRO,#福州大学#这届微博er中的zz有点多人均微博判案大师，人均法官​,None,0,2,4
402,4541029137256854,3024392285,H-JackK,https://weibo.com/3024392285,2020年08月23日 10:19,HUAWEI Mate 30 5G,#福州大学#都还没注册入学学校就给他背上锅了这小兄弟开学怕是要火了​,None,1,6,31
403,4541027509077562,1838632051,Cch-WEN,https://weibo.com/1838632051,2020年08月23日 10:13,iPhone 11 Pro Max,#福州大学#？？没想到自己的母校以这种方式登上了热搜……虐狗的新闻我真的看不了，很难过，虐狗的行为人简直可耻可恨……以学校的名义上了热搜也是很迷惑福州​,None,0,13,83
404,4541018333256227,1735990773,MeowLeo鹿一,https://weibo.com/1735990773,2020年08月23日 09:36,HUAWEI Mate 20 Pro,#福州大学#这事吧我觉得和大学无关，毕竟取消入学资格太轻了，建议直接判刑，精神有问题吧？那就直接送精神病院治，就省的大学操心应不应该取消入学资格了，身心其中有一样耽误入学都会取消入学资格的​,None,0,2,18
405,4541018303897663,5831176098,言蹊DAYTOY-,https://weibo.com/5831176098,2020年08月23日 09:36,None,#福州大学#以为大学有新鲜事，点进去发现是某个人做的事，然后一群义愤填膺的人给学校施压，简直有病病～谁干的坏事，精准点艹，攻击人家学校算怎么回事​,None,0,10,42
406,4541013182122821,2448209742,小掀女的三千墙头,https://weibo.com/2448209742,2020年08月23日 09:16,iPhone客户端,#福州大学##福州大学#虐狗不对，可以法律制裁，可以道德谴责，但是发动网络舆论，大声疾呼，影响校方行为，微博zhifa，长远看是不可取的​,None,0,3,21
407,4541011970238197,5671239511,邱小则,https://weibo.com/5671239511,2020年08月23日 09:11,iPhone客户端,#福州大学#理性的处理，别畏惧网络言论，因为多是情绪发泄，更多的是网络暴力，从针对事件的讨论已经上升到对人身的暴力。重庆​,None,0,9,26
408,4541004637546445,5625779527,SuoYam,https://weibo.com/5625779527,2020年08月23日 08:42,OPPO Find X2 Pro,#福州大学#舆论过激，让本无辜的福大下不来台。本走流程按规矩的事硬是被舆论绑架为必须听网友的。虽然一定程度上有利于提高做这样肮脏事的成本，却也往往导致对某一高校或其他相关背后主体名誉造成一定的损失，这样你说未来高校里发生的更多事情还敢这么公开吗？​,None,1,22,81
409,4541002196719148,1825151213,长歌志在安邦,https://weibo.com/1825151213,2020年08月23日 08:32,荣耀V20 4800万3D相机,#福州大学#求学之前先学会做人吧不欺凌弱小，尊重生命连最基本的作为正常人的善良都没有现在对动物上手以后就是对同学对老师对家人有些为了蹭热度钓鱼的🐟到了🐴没了值得吗?​,None,0,0,1
410,4540997486249934,1738271217,塔希岛新来游民,https://weibo.com/1738271217,2020年08月23日 08:13,iPhone客户端,#福州大学#作为一个平时对猫啊狗啊不怎么感兴趣的同志看着都觉得过分，更何况那些爱猫爱狗人士；道德品性有问题，建议取消研究生入学资格​,None,0,0,0
411,4540975844689680,7069502728,许姨娘的百万韩粉,https://weibo.com/7069502728,2020年08月23日 06:47,iPhone客户端,#福州大学#为什么要跟福州大学要说法？我觉得不如去管小学和初中去要说法吧，那时候是三观形成的关键时期（我不是这么认为的）别再给学校施压了。​,None,0,1,0
412,4540973445284067,2646038927,Duo多--,https://weibo.com/2646038927,2020年08月23日 06:38,💙🌧️Android,#福州大学#这家伙还没入学读研网友应该扒的是教育他的本科母校才对…不过反社会人格性格暴虐这种品德败坏分子建议直接取消录取资格并禁止再报考参考曾经成都理工大学的优秀处理方式@福州大学去年有过虐狗退学的先例咱也发一篇义正言辞的公告📢把名声挽回一下叭​,None,0,1,31
413,4540969636858364,7126787359,谭浩俊微财经,https://weibo.com/7126787359,2020年08月23日 06:23,微博视频号,#福州大学#不知道为啥看了这么多条没看到视频，视频全被删除了（录了个屏）完全忍不住眼泪，狗狗的哀嚎，惨叫，呻吟。。太惨了，真的。。周耀东，骂你是畜生都是抬举你。。要是有人这样打我的猫，我会和他拼命网页链接​这名大学生还能录取吗？还有资格上研究生吗？​,None,0,1,12
414,4540948665860567,6086357579,湘玉_37976,https://weibo.com/6086357579,2020年08月23日 04:59,OPPO A11x,#福州大学#要懂得，理解你的人，不需要太多的解释；不理解你的人，不必去跟他解释。人贵在大气。真正懂你的人，绝不会因为那些人和发生的事情来否定你，因为他真正能够读懂你、了解你，这才是真正的佛友之情。学佛人要养好自己的大气，今后你必定会有福气。养成一个大气大度的人，不要太在意别人在背后​展开,#福州大学#要懂得，理解你的人，不需要太多的解释；不理解你的人，不必去跟他解释。人贵在大气。真正懂你的人，绝不会因为那些人和发生的事情来否定你，因为他真正能够读懂你、了解你，这才是真正的佛友之情。学佛人要养好自己的大气，今后你必定会有福气。养成一个大气大度的人，不要太在意别人在背后对你的看法，因为它可能时时刻刻扰乱你的心，因为这些言语改变不了你的真实情况。,2,1,3
415,4540895242488032,5672421934,不能让你失望mam,https://weibo.com/5672421934,2020年08月23日 01:27,nova5Pro人像超级夜景,#福州大学#狗主人和帮她发博的这个人真的太会道德绑架了，怎么不@当地的公安机关还有他爸妈，还有什么一些大博主去啊，……就是想蹭福大的热度，然后道德绑架了福大（一个还没有入学的学生要人家负什么责）……那个狗主人应该直接找那个人报警负责啊！我都觉得福大可以告那个狗主人损害名誉了​​​,None,2,0,5
416,4540894538368326,2733489211,Summer露lu,https://weibo.com/2733489211,2020年08月23日 01:24,荣耀V20 4800万3D相机,#福州大学#请贵校认真审查这个周耀东的品行，这么血腥暴力的人真的适合双一流的名声吗？今天可以暴力打狗，明天就可能暴力犯罪。一个被推上舆论的人，有什么资格进入双一流？@福州大学​,None,0,1,0
417,4540892427324136,2012937027,静子舒,https://weibo.com/2012937027,2020年08月23日 01:16,iPhone客户端,#福州大学#跟学校没关系、学校教书育人，可没教他拿小动物泄愤。没必要追着学校骂。学校也有好人才不是。相信大多数大学生都是良善之辈，像这种类型的人，家人应该或多或少清楚，自己孩子性格。毕竟那么久、自己孩子什么德行自己还是清楚一点的。就看说不说实话了。海口·观澜湖・兰桂坊​,None,0,0,5
418,4540892193490045,5672421934,不能让你失望mam,https://weibo.com/5672421934,2020年08月23日 01:15,nova5Pro人像超级夜景,#福州大学#关人家学校什么事儿啊，你报警啊，找他爸妈找他亲戚找他自己，关人家学校什么事啊，都还没入学呢……虽然这个事情很恶劣，但是这个主人还有帮他发博的这个人也太会道德绑架了吧​,None,0,0,5
419,4540889903142689,3845395264,阿桃的水泥煎饼,https://weibo.com/3845395264,2020年08月23日 01:06,iPhone客户端,#福州大学#港真这一波福大有点无辜前阵子那个老师的事骂骂就算了但是我知道连续出事也不会影响明年的研究生录取线的研狗加油​,None,0,6,10
